AbsPressure,datetime,minute,hour,AvDepth,AvTemp,AvSalinity
101.497,2021-01-15T09:55:40Z,55,9,-0.027,29.2,34.49583116
101.583,2021-01-15T09:55:30Z,55,9,-0.019,29.19,34.48609131
101.617,2021-01-15T09:54:40Z,54,9,-0.015,29.16,34.87083632
101.617,2021-01-15T09:55:10Z,55,9,-0.015,29.15,34.69571793
101.617,2021-01-15T09:55:50Z,55,9,-0.015,29.17,34.54809162
101.686,2021-01-15T09:54:30Z,54,9,-0.009,23.39,33.7173607
101.737,2021-01-15T09:54:50Z,54,9,-0.003,29.19,34.75244452
101.772,2021-01-15T09:55:00Z,55,9,0,29.14,34.75444554
102.219,2021-01-15T09:55:20Z,55,9,0.044,29.16,34.6200643
103.873,2021-01-15T11:20:30Z,20,11,0.209,28.98,33.83203078
103.909,2021-01-15T10:02:50Z,2,10,0.213,29.14,34.24532887
103.917,2021-01-15T10:24:30Z,24,10,0.213,28.99,33.72006925
103.927,2021-01-15T10:57:20Z,57,10,0.214,29.39,33.53070206
103.959,2021-01-15T11:12:50Z,12,11,0.218,29.09,33.75752731
103.994,2021-01-15T11:00:50Z,0,11,0.221,29.39,33.50150386
104.008,2021-01-15T10:38:30Z,38,10,0.222,29.33,33.09340743
104.023,2021-01-15T10:34:30Z,34,10,0.224,29.21,32.73808061
104.045,2021-01-15T11:04:00Z,4,11,0.226,29.3,33.5936094
104.045,2021-01-15T11:04:20Z,4,11,0.226,29.27,33.61786246
104.065,2021-01-15T10:58:10Z,58,10,0.228,29.38,33.54415421
104.066,2021-01-15T10:09:40Z,9,10,0.228,29.19,34.03612329
104.074,2021-01-15T10:28:10Z,28,10,0.229,29.15,33.84636459
104.08,2021-01-15T11:16:20Z,16,11,0.23,29.05,33.77916419
104.094,2021-01-15T10:38:20Z,38,10,0.231,29.32,32.91673867
104.097,2021-01-15T10:41:10Z,41,10,0.231,29.28,33.70226166
104.097,2021-01-15T10:44:40Z,44,10,0.231,29.37,33.69150514
104.097,2021-01-15T11:00:40Z,0,11,0.231,29.39,33.50150351
104.097,2021-01-15T11:01:40Z,1,11,0.231,29.39,33.46906981
104.1,2021-01-15T10:57:40Z,57,10,0.232,29.38,33.57669627
104.1,2021-01-15T10:58:30Z,58,10,0.232,29.41,33.51675511
104.109,2021-01-15T10:32:10Z,32,10,0.232,29.41,33.62740104
104.111,2021-01-15T10:37:30Z,37,10,0.233,29.3,32.88323886
104.111,2021-01-15T10:38:10Z,38,10,0.233,29.31,32.88267469
104.113,2021-01-15T09:56:30Z,56,9,0.233,29.14,34.48821309
104.114,2021-01-15T10:45:00Z,45,10,0.233,29.38,33.68449362
104.114,2021-01-15T11:04:30Z,4,11,0.233,29.27,33.59831165
104.114,2021-01-15T11:05:30Z,5,11,0.233,29.24,33.59328203
104.115,2021-01-15T10:03:10Z,3,10,0.233,29.16,34.20757619
104.117,2021-01-15T10:58:00Z,58,10,0.233,29.37,33.56741046
104.117,2021-01-15T11:34:40Z,34,11,0.233,28.88,33.93916583
104.118,2021-01-15T10:12:10Z,12,10,0.233,29.2,34.15226408
104.123,2021-01-15T10:23:30Z,23,10,0.234,28.87,33.79511159
104.126,2021-01-15T10:35:30Z,35,10,0.234,29.27,33.13154456
104.131,2021-01-15T10:48:40Z,48,10,0.235,29.43,33.60697999
104.133,2021-01-15T10:06:50Z,6,10,0.235,29.17,34.09031431
104.134,2021-01-15T10:51:30Z,51,10,0.235,29.41,33.67984638
104.134,2021-01-15T10:55:00Z,55,10,0.235,29.39,33.64800906
104.134,2021-01-15T10:57:10Z,57,10,0.235,29.39,33.52423124
104.141,2021-01-15T10:21:50Z,21,10,0.236,28.81,33.89669378
104.143,2021-01-15T10:27:20Z,27,10,0.236,29.26,33.94009179
104.143,2021-01-15T10:31:00Z,31,10,0.236,29.24,33.87165613
104.146,2021-01-15T10:37:50Z,37,10,0.236,29.3,33.00936043
104.149,2021-01-15T10:41:20Z,41,10,0.236,29.3,33.61310246
104.149,2021-01-15T10:45:10Z,45,10,0.236,29.37,33.69150618
104.149,2021-01-15T11:17:30Z,17,11,0.236,29.03,33.80969169
104.15,2021-01-15T10:03:00Z,3,10,0.237,29.16,34.19752693
104.151,2021-01-15T10:52:00Z,52,10,0.237,29.38,33.67794181
104.151,2021-01-15T10:54:50Z,54,10,0.237,29.41,33.627448
104.16,2021-01-15T10:30:50Z,30,10,0.238,29.21,33.8764237
104.164,2021-01-15T09:56:10Z,56,9,0.238,29.17,34.49034897
104.164,2021-01-15T09:59:10Z,59,9,0.238,29.14,34.34280948
104.166,2021-01-15T11:01:50Z,1,11,0.238,29.36,33.45104967
104.166,2021-01-15T11:14:50Z,14,11,0.238,29.06,33.79509027
104.166,2021-01-15T11:19:00Z,19,11,0.238,29,33.84732665
104.166,2021-01-15T11:21:20Z,21,11,0.238,29.01,33.84686566
104.167,2021-01-15T10:03:20Z,3,10,0.238,29.17,34.2004333
104.169,2021-01-15T11:39:00Z,39,11,0.238,28.88,33.91609275
104.169,2021-01-15T11:39:10Z,39,11,0.238,28.89,33.92542967
104.17,2021-01-15T10:13:40Z,13,10,0.239,29.16,34.0242576
104.175,2021-01-15T10:21:10Z,21,10,0.239,28.83,33.81364476
104.183,2021-01-15T10:46:10Z,46,10,0.24,29.38,33.6615598
104.183,2021-01-15T10:49:40Z,49,10,0.24,29.39,33.64476095
104.183,2021-01-15T11:01:00Z,1,11,0.24,29.38,33.50191547
104.183,2021-01-15T11:17:40Z,17,11,0.24,29.03,33.84909659
104.186,2021-01-15T10:54:10Z,54,10,0.24,29.42,33.65972382
104.192,2021-01-15T10:24:50Z,24,10,0.241,29.09,33.83288083
104.195,2021-01-15T10:27:50Z,27,10,0.241,29.24,33.88816755
104.195,2021-01-15T10:32:00Z,32,10,0.241,29.43,33.62329638
104.199,2021-01-15T10:00:00Z,0,10,0.241,29.14,34.383233
104.2,2021-01-15T11:01:30Z,1,11,0.242,29.38,33.42419058
104.2,2021-01-15T11:12:30Z,12,11,0.242,29.09,33.75752662
104.2,2021-01-15T11:13:40Z,13,11,0.242,29.08,33.78096159
104.2,2021-01-15T11:17:10Z,17,11,0.242,29.05,33.80542149
104.203,2021-01-15T10:51:40Z,51,10,0.242,29.39,33.69053817
104.204,2021-01-15T10:10:00Z,10,10,0.242,29.2,34.03570956
104.212,2021-01-15T10:25:10Z,25,10,0.243,29.05,33.73660274
104.212,2021-01-15T10:31:20Z,31,10,0.243,29.26,33.85753261
104.218,2021-01-15T10:45:50Z,45,10,0.243,29.37,33.62278155
104.218,2021-01-15T11:02:40Z,2,11,0.243,29.37,33.50565598
104.218,2021-01-15T11:10:20Z,10,11,0.243,29.12,33.67752872
104.218,2021-01-15T11:11:00Z,11,11,0.243,29.11,33.71719988
104.218,2021-01-15T11:16:00Z,16,11,0.243,29.06,33.77210157
104.218,2021-01-15T11:17:20Z,17,11,0.243,29.04,33.79284096
104.22,2021-01-15T10:54:00Z,54,10,0.244,29.43,33.65928245
104.221,2021-01-15T10:10:20Z,10,10,0.244,29.21,34.03854928
104.227,2021-01-15T10:22:50Z,22,10,0.244,28.78,33.71858524
104.233,2021-01-15T09:56:50Z,56,9,0.245,29.15,34.48436294
104.233,2021-01-15T09:57:10Z,57,9,0.245,29.15,34.40984842
104.235,2021-01-15T10:58:40Z,58,10,0.245,29.41,33.55574559
104.235,2021-01-15T11:12:10Z,12,11,0.245,29.09,33.76403885
104.235,2021-01-15T11:17:50Z,17,11,0.245,29.03,33.79991032
104.235,2021-01-15T11:22:00Z,22,11,0.245,29,33.84733292
104.237,2021-01-15T10:51:20Z,51,10,0.245,29.39,33.61212679
104.237,2021-01-15T11:42:20Z,42,11,0.245,29.09,33.96157454
104.239,2021-01-15T10:07:10Z,7,10,0.245,29.19,34.10267077
104.239,2021-01-15T10:09:50Z,9,10,0.245,29.2,34.0456528
104.247,2021-01-15T10:34:10Z,34,10,0.246,29.16,32.54566985
104.247,2021-01-15T10:34:50Z,34,10,0.246,29.25,32.84833818
104.252,2021-01-15T10:42:50Z,42,10,0.247,29.36,33.77069983
104.252,2021-01-15T10:44:50Z,44,10,0.247,29.38,33.72704432
104.252,2021-01-15T10:46:00Z,46,10,0.247,29.36,33.63311042
104.252,2021-01-15T11:01:10Z,1,11,0.247,29.39,33.50150455
104.252,2021-01-15T11:13:10Z,13,11,0.247,29.1,33.75047462
104.252,2021-01-15T11:18:00Z,18,11,0.247,29.04,33.80923309
104.253,2021-01-15T10:03:40Z,3,10,0.247,29.15,34.21807344
104.253,2021-01-15T10:05:40Z,5,10,0.247,29.19,34.09597526
104.255,2021-01-15T10:54:20Z,54,10,0.247,29.42,33.67608211
104.255,2021-01-15T10:54:40Z,54,10,0.247,29.42,33.6858802
104.255,2021-01-15T11:32:30Z,32,11,0.247,28.87,33.94627671
104.256,2021-01-15T10:14:00Z,14,10,0.247,29.12,34.04934909
104.261,2021-01-15T10:22:10Z,22,10,0.248,28.81,33.8770443
104.264,2021-01-15T10:31:30Z,31,10,0.248,29.33,33.7293667
104.269,2021-01-15T10:41:50Z,41,10,0.248,29.33,33.67698474
104.269,2021-01-15T10:50:20Z,50,10,0.248,29.41,33.65359475
104.269,2021-01-15T10:59:00Z,59,10,0.248,29.43,33.49302942
104.269,2021-01-15T11:00:00Z,0,11,0.248,29.43,33.43153557
104.269,2021-01-15T11:05:20Z,5,11,0.248,29.22,33.60080367
104.269,2021-01-15T11:10:40Z,10,11,0.248,29.11,33.66178768
104.269,2021-01-15T11:10:50Z,10,11,0.248,29.12,33.68738059
104.269,2021-01-15T11:19:20Z,19,11,0.248,28.97,33.83575549
104.272,2021-01-15T10:51:10Z,51,10,0.249,29.39,33.62839966
104.272,2021-01-15T10:58:20Z,58,10,0.249,29.39,33.54697107
104.278,2021-01-15T10:21:30Z,21,10,0.249,28.84,33.91483109
104.281,2021-01-15T10:28:30Z,28,10,0.25,29.24,33.99732846
104.281,2021-01-15T10:35:10Z,35,10,0.25,29.28,33.02625224
104.284,2021-01-15T10:39:30Z,39,10,0.25,29.32,33.30792848
104.285,2021-01-15T09:59:20Z,59,9,0.25,29.12,34.38418495
104.285,2021-01-15T10:00:10Z,0,10,0.25,29.12,34.35716765
104.286,2021-01-15T10:41:00Z,41,10,0.25,29.27,33.72560305
104.286,2021-01-15T10:41:40Z,41,10,0.25,29.28,33.57171721
104.286,2021-01-15T10:48:20Z,48,10,0.25,29.38,33.59295036
104.286,2021-01-15T11:01:20Z,1,11,0.25,29.38,33.46956432
104.286,2021-01-15T11:14:40Z,14,11,0.25,29.04,33.82235776
104.288,2021-01-15T10:02:10Z,2,10,0.25,29.11,34.33742291
104.289,2021-01-15T10:50:50Z,50,10,0.25,29.41,33.61440783
104.289,2021-01-15T11:38:50Z,38,11,0.25,28.89,33.94850794
104.29,2021-01-15T10:07:50Z,7,10,0.251,29.19,34.08937804
104.293,2021-01-15T10:14:50Z,14,10,0.251,29.08,34.0115131
104.293,2021-01-15T10:16:30Z,16,10,0.251,28.72,34.04321051
104.296,2021-01-15T10:22:00Z,22,10,0.251,28.79,33.88798794
104.298,2021-01-15T10:35:40Z,35,10,0.251,29.31,33.39210233
104.304,2021-01-15T10:41:30Z,41,10,0.252,29.32,33.7003889
104.304,2021-01-15T10:42:00Z,42,10,0.252,29.31,33.57675347
104.304,2021-01-15T10:42:40Z,42,10,0.252,29.35,33.74487026
104.304,2021-01-15T10:44:20Z,44,10,0.252,29.35,33.81393447
104.304,2021-01-15T10:44:30Z,44,10,0.252,29.37,33.70131177
104.304,2021-01-15T10:45:30Z,45,10,0.252,29.37,33.59993711
104.304,2021-01-15T10:47:20Z,47,10,0.252,29.36,33.62330761
104.304,2021-01-15T11:13:20Z,13,11,0.252,29.08,33.76458423
104.304,2021-01-15T11:15:10Z,15,11,0.252,29.05,33.77264364
104.304,2021-01-15T11:18:20Z,18,11,0.252,29.03,33.81630563
104.304,2021-01-15T11:18:40Z,18,11,0.252,29.01,33.84024452
104.304,2021-01-15T11:20:10Z,20,11,0.252,28.98,33.82214743
104.304,2021-01-15T11:20:20Z,20,11,0.252,28.98,33.85170644
104.305,2021-01-15T10:02:30Z,2,10,0.252,29.11,34.24668204
104.305,2021-01-15T10:02:40Z,2,10,0.252,29.11,34.29707952
104.305,2021-01-15T10:03:30Z,3,10,0.252,29.16,34.16077655
104.306,2021-01-15T10:53:20Z,53,10,0.252,29.41,33.66672517
104.306,2021-01-15T10:54:30Z,54,10,0.252,29.41,33.71590564
104.306,2021-01-15T10:56:50Z,56,10,0.252,29.39,33.53070102
104.306,2021-01-15T10:57:00Z,57,10,0.252,29.39,33.55343949
104.306,2021-01-15T11:41:40Z,41,11,0.252,29.05,33.95029884
104.306,2021-01-15T11:42:40Z,42,11,0.252,29.05,33.98998915
104.306,2021-01-15T11:45:00Z,45,11,0.252,29.03,34.00086162
104.307,2021-01-15T10:12:50Z,12,10,0.252,29.19,34.03947511
104.313,2021-01-15T10:21:20Z,21,10,0.253,28.81,33.68763903
104.313,2021-01-15T10:22:20Z,22,10,0.253,28.78,33.74459766
104.313,2021-01-15T10:24:10Z,24,10,0.253,29.06,33.87710315
104.316,2021-01-15T10:27:10Z,27,10,0.253,29.22,33.95189041
104.316,2021-01-15T10:31:50Z,31,10,0.253,29.44,33.56079998
104.321,2021-01-15T10:39:50Z,39,10,0.254,29.27,33.91319073
104.321,2021-01-15T10:46:40Z,46,10,0.254,29.36,33.58741629
104.321,2021-01-15T10:47:10Z,47,10,0.254,29.35,33.5163387
104.321,2021-01-15T11:02:00Z,2,11,0.254,29.39,33.43987358
104.321,2021-01-15T11:12:40Z,12,11,0.254,29.09,33.74115509
104.321,2021-01-15T11:17:00Z,17,11,0.254,29.03,33.81630285
104.321,2021-01-15T11:19:40Z,19,11,0.254,28.99,33.84462073
104.322,2021-01-15T10:05:50Z,5,10,0.254,29.19,34.11270696
104.322,2021-01-15T10:06:20Z,6,10,0.254,29.19,34.09932282
104.324,2021-01-15T10:53:30Z,53,10,0.254,29.41,33.69621299
104.324,2021-01-15T11:31:20Z,31,11,0.254,28.83,33.93518951
104.324,2021-01-15T11:32:20Z,32,11,0.254,28.88,33.90299395
104.325,2021-01-15T10:08:20Z,8,10,0.254,29.2,34.06897373
104.327,2021-01-15T10:18:50Z,18,10,0.254,28.82,33.95862498
104.332,2021-01-15T12:06:00Z,6,12,0.255,29.09,33.91201217
104.333,2021-01-15T10:27:30Z,27,10,0.255,29.25,33.96378189
104.337,2021-01-15T09:57:30Z,57,9,0.255,29.15,34.369339
104.338,2021-01-15T10:40:40Z,40,10,0.255,29.27,33.78465728
104.338,2021-01-15T10:59:10Z,59,10,0.255,29.44,33.43104453
104.338,2021-01-15T11:00:10Z,0,11,0.255,29.42,33.43193533
104.338,2021-01-15T11:00:20Z,0,11,0.255,29.42,33.47081329
104.338,2021-01-15T11:03:00Z,3,11,0.255,29.38,33.58327049
104.341,2021-01-15T10:55:10Z,55,10,0.256,29.39,33.64144541
104.341,2021-01-15T10:56:40Z,56,10,0.256,29.41,33.5785639
104.341,2021-01-15T10:57:30Z,57,10,0.256,29.38,33.5214116
104.341,2021-01-15T11:24:20Z,24,11,0.256,28.97,33.83250124
104.341,2021-01-15T11:24:40Z,24,11,0.256,28.94,33.86038482
104.341,2021-01-15T11:43:10Z,43,11,0.256,29.05,33.9899902
104.342,2021-01-15T10:11:30Z,11,10,0.256,29.2,34.15895563
104.345,2021-01-15T10:15:30Z,15,10,0.256,28.83,33.9877942
104.345,2021-01-15T10:16:10Z,16,10,0.256,28.71,33.95807971
104.345,2021-01-15T10:17:20Z,17,10,0.256,28.76,33.97180548
104.345,2021-01-15T10:18:40Z,18,10,0.256,28.81,33.98559055
104.345,2021-01-15T10:19:50Z,19,10,0.256,28.73,33.43074265
104.347,2021-01-15T10:22:30Z,22,10,0.256,28.81,33.76572833
104.347,2021-01-15T10:24:00Z,24,10,0.256,28.9,33.70534699
104.35,2021-01-15T10:27:40Z,27,10,0.256,29.22,33.92876933
104.35,2021-01-15T10:28:40Z,28,10,0.256,29.21,33.95563578
104.35,2021-01-15T10:29:20Z,29,10,0.256,29.16,33.85900325
104.35,2021-01-15T10:33:50Z,33,10,0.256,29.19,32.98703261
104.354,2021-01-15T09:57:00Z,57,9,0.257,29.14,34.43399139
104.354,2021-01-15T10:00:20Z,0,10,0.257,29.14,34.31925118
104.355,2021-01-15T10:50:10Z,50,10,0.257,29.41,33.66348243
104.355,2021-01-15T10:58:50Z,58,10,0.257,29.42,33.47081018
104.355,2021-01-15T11:05:10Z,5,11,0.257,29.26,33.56630221
104.355,2021-01-15T11:16:10Z,16,11,0.257,29.05,33.80215992
104.355,2021-01-15T11:21:00Z,21,11,0.257,28.99,33.86103317
104.355,2021-01-15T11:24:00Z,24,11,0.257,28.95,33.88940584
104.358,2021-01-15T10:51:50Z,51,10,0.257,29.38,33.6354003
104.358,2021-01-15T10:55:20Z,55,10,0.257,29.39,33.66437566
104.358,2021-01-15T11:30:50Z,30,11,0.257,28.84,33.93798432
104.358,2021-01-15T11:32:50Z,32,11,0.257,28.87,33.95618564
104.359,2021-01-15T10:13:20Z,13,10,0.257,29.16,34.09409949
104.362,2021-01-15T10:15:10Z,15,10,0.258,29,34.0320025
104.364,2021-01-15T10:24:40Z,24,10,0.258,29.06,33.69036901
104.367,2021-01-15T10:26:10Z,26,10,0.258,29.04,33.71749793
104.37,2021-01-15T10:36:00Z,36,10,0.258,29.3,33.59679284
104.37,2021-01-15T10:38:00Z,38,10,0.258,29.27,32.92579364
104.371,2021-01-15T09:59:00Z,59,9,0.259,29.12,34.39760437
104.373,2021-01-15T10:46:20Z,46,10,0.259,29.38,33.66156015
104.373,2021-01-15T10:59:30Z,59,10,0.259,29.44,33.43427608
104.373,2021-01-15T11:03:40Z,3,11,0.259,29.32,33.60895848
104.373,2021-01-15T11:03:50Z,3,11,0.259,29.33,33.56938304
104.373,2021-01-15T11:04:10Z,4,11,0.259,29.28,33.60437022
104.373,2021-01-15T11:05:40Z,5,11,0.259,29.22,33.57808123
104.373,2021-01-15T11:19:50Z,19,11,0.259,28.99,33.83800318
104.374,2021-01-15T10:01:40Z,1,10,0.259,29.12,34.31003166
104.374,2021-01-15T10:06:30Z,6,10,0.259,29.16,34.10403877
104.375,2021-01-15T10:57:50Z,57,10,0.259,29.38,33.60933465
104.375,2021-01-15T11:24:30Z,24,11,0.259,28.95,33.85329439
104.375,2021-01-15T11:30:10Z,30,11,0.259,29.1,33.7766478
104.375,2021-01-15T11:31:10Z,31,11,0.259,28.84,33.89851844
104.375,2021-01-15T11:31:30Z,31,11,0.259,28.84,33.95444745
104.375,2021-01-15T11:42:50Z,42,11,0.259,29.05,33.97340653
104.376,2021-01-15T10:09:30Z,9,10,0.259,29.2,34.06563108
104.376,2021-01-15T10:11:40Z,11,10,0.259,29.19,34.13270803
104.379,2021-01-15T10:16:20Z,16,10,0.259,28.72,33.97729037
104.379,2021-01-15T10:16:50Z,16,10,0.259,28.76,34.01462218
104.387,2021-01-15T10:36:40Z,36,10,0.26,29.27,33.56248984
104.387,2021-01-15T10:37:20Z,37,10,0.26,29.27,32.79705039
104.388,2021-01-15T09:56:40Z,56,9,0.26,29.15,34.47420813
104.388,2021-01-15T09:59:40Z,59,9,0.26,29.12,34.39760577
104.39,2021-01-15T10:40:30Z,40,10,0.26,29.26,33.87072422
104.39,2021-01-15T10:46:30Z,46,10,0.26,29.37,33.58366228
104.39,2021-01-15T10:49:30Z,49,10,0.26,29.39,33.70690288
104.39,2021-01-15T10:49:50Z,49,10,0.26,29.41,33.70933224
104.39,2021-01-15T10:50:00Z,50,10,0.26,29.39,33.6611273
104.39,2021-01-15T11:09:10Z,9,11,0.26,29.14,33.60809485
104.39,2021-01-15T11:14:10Z,14,11,0.26,29.05,33.81528454
104.39,2021-01-15T11:15:30Z,15,11,0.26,29.06,33.78848372
104.39,2021-01-15T11:16:30Z,16,11,0.26,29.04,33.80261918
104.39,2021-01-15T11:18:10Z,18,11,0.26,29.03,33.81630528
104.39,2021-01-15T11:20:40Z,20,11,0.26,28.98,33.83855937
104.39,2021-01-15T11:22:50Z,22,11,0.26,28.98,33.8385639
104.392,2021-01-15T10:52:20Z,52,10,0.261,29.38,33.64520393
104.392,2021-01-15T11:24:50Z,24,11,0.261,28.93,33.89697884
104.392,2021-01-15T11:27:50Z,27,11,0.261,28.9,33.90521676
104.392,2021-01-15T11:31:50Z,31,11,0.261,28.87,33.92655111
104.392,2021-01-15T11:33:10Z,33,11,0.261,28.87,33.95945889
104.392,2021-01-15T11:42:00Z,42,11,0.261,29.05,33.95029953
104.395,2021-01-15T11:51:40Z,51,11,0.261,28.98,33.96369697
104.396,2021-01-15T10:19:10Z,19,10,0.261,28.73,33.64676235
104.398,2021-01-15T11:58:10Z,58,11,0.261,28.99,33.94345026
104.399,2021-01-15T10:25:00Z,25,10,0.261,29.05,33.69080796
104.402,2021-01-15T10:31:40Z,31,10,0.262,29.38,33.68770423
104.407,2021-01-15T11:03:20Z,3,11,0.262,29.32,33.66441515
104.407,2021-01-15T11:04:40Z,4,11,0.262,29.24,33.63565042
104.407,2021-01-15T11:12:00Z,12,11,0.262,29.09,33.7411537
104.407,2021-01-15T11:13:30Z,13,11,0.262,29.08,33.73509169
104.407,2021-01-15T11:14:30Z,14,11,0.262,29.05,33.81528524
104.407,2021-01-15T11:16:50Z,16,11,0.262,29.03,33.8163025
104.408,2021-01-15T10:04:00Z,4,10,0.262,29.15,34.20132235
104.408,2021-01-15T10:06:00Z,6,10,0.262,29.17,34.13355998
104.41,2021-01-15T11:32:40Z,32,11,0.262,28.87,33.916646
104.41,2021-01-15T11:34:20Z,34,11,0.262,28.88,33.96879394
104.41,2021-01-15T11:43:00Z,43,11,0.262,29.05,33.97340688
104.411,2021-01-15T10:11:50Z,11,10,0.263,29.2,34.15560983
104.412,2021-01-15T11:45:20Z,45,11,0.263,29.03,33.99424436
104.412,2021-01-15T11:46:20Z,46,11,0.263,29,34.04870504
104.419,2021-01-15T10:28:20Z,28,10,0.263,29.14,33.82712501
104.419,2021-01-15T10:33:30Z,33,10,0.263,29.19,33.41767301
104.419,2021-01-15T10:34:40Z,34,10,0.263,29.24,32.79878143
104.419,2021-01-15T10:35:00Z,35,10,0.263,29.22,32.84066771
104.422,2021-01-15T10:36:50Z,36,10,0.264,29.28,32.89379456
104.422,2021-01-15T10:38:40Z,38,10,0.264,29.22,32.6224521
104.423,2021-01-15T09:56:20Z,56,9,0.264,29.17,34.48355168
104.424,2021-01-15T10:47:00Z,47,10,0.264,29.37,33.52836716
104.424,2021-01-15T10:59:40Z,59,10,0.264,29.44,33.37926875
104.424,2021-01-15T11:05:50Z,5,11,0.264,29.24,33.58679274
104.424,2021-01-15T11:07:00Z,7,11,0.264,29.21,33.59158228
104.424,2021-01-15T11:18:50Z,18,11,0.264,29,33.86046983
104.427,2021-01-15T10:51:00Z,51,10,0.264,29.39,33.64476371
104.427,2021-01-15T11:28:40Z,28,11,0.264,28.9,33.91175851
104.427,2021-01-15T11:29:50Z,29,11,0.264,29.09,33.77719259
104.427,2021-01-15T11:36:40Z,36,11,0.264,28.88,33.95234796
104.427,2021-01-15T11:39:20Z,39,11,0.264,28.87,33.94629102
104.428,2021-01-15T10:11:10Z,11,10,0.264,29.2,34.15895493
104.43,2021-01-15T11:51:30Z,51,11,0.264,28.99,33.94996681
104.431,2021-01-15T10:14:30Z,14,10,0.265,29.09,33.99444197
104.431,2021-01-15T10:17:50Z,17,10,0.265,28.73,33.95037991
104.431,2021-01-15T10:20:00Z,20,10,0.265,28.73,33.4115619
104.433,2021-01-15T10:24:20Z,24,10,0.265,28.95,33.69291431
104.436,2021-01-15T10:31:10Z,31,10,0.265,29.25,33.86459313
104.436,2021-01-15T10:32:20Z,32,10,0.265,29.37,33.21239321
104.436,2021-01-15T10:32:30Z,32,10,0.265,29.24,33.03796135
104.441,2021-01-15T10:40:50Z,40,10,0.266,29.28,33.76778933
104.441,2021-01-15T10:43:10Z,43,10,0.266,29.35,33.71201458
104.441,2021-01-15T11:07:20Z,7,11,0.266,29.21,33.58508951
104.441,2021-01-15T11:09:20Z,9,11,0.266,29.15,33.62717432
104.441,2021-01-15T11:11:50Z,11,11,0.266,29.09,33.74766577
104.441,2021-01-15T11:19:10Z,19,11,0.266,29,33.82439575
104.441,2021-01-15T11:22:10Z,22,11,0.266,29,33.81787659
104.444,2021-01-15T11:25:10Z,25,11,0.266,28.92,33.89100641
104.444,2021-01-15T11:27:30Z,27,11,0.266,28.88,33.91606866
104.444,2021-01-15T11:33:40Z,33,11,0.266,28.87,33.97591434
104.444,2021-01-15T11:38:30Z,38,11,0.266,28.9,33.90187834
104.445,2021-01-15T10:12:40Z,12,10,0.266,29.2,34.0822732
104.445,2021-01-15T10:14:10Z,14,10,0.266,29.1,34.00716563
104.447,2021-01-15T11:48:40Z,48,11,0.266,28.94,33.98552091
104.447,2021-01-15T11:49:00Z,49,11,0.266,28.97,33.97080231
104.448,2021-01-15T10:19:00Z,19,10,0.266,28.81,33.93617565
104.448,2021-01-15T10:19:30Z,19,10,0.266,28.77,33.68663324
104.45,2021-01-15T11:59:20Z,59,11,0.266,28.99,33.93356666
104.45,2021-01-15T12:02:30Z,2,12,0.266,29.08,33.89274806
104.456,2021-01-15T10:35:50Z,35,10,0.267,29.3,33.37333221
104.459,2021-01-15T10:49:00Z,49,10,0.267,29.42,33.76138659
104.459,2021-01-15T10:59:50Z,59,10,0.267,29.43,33.4249827
104.459,2021-01-15T11:11:40Z,11,11,0.267,29.09,33.73129431
104.459,2021-01-15T11:12:20Z,12,11,0.267,29.09,33.76403919
104.459,2021-01-15T11:15:00Z,15,11,0.267,29.06,33.77870692
104.46,2021-01-15T10:04:20Z,4,10,0.267,29.15,34.18792257
104.46,2021-01-15T10:07:00Z,7,10,0.267,29.19,34.0860303
104.461,2021-01-15T10:53:10Z,53,10,0.268,29.39,33.65780667
104.461,2021-01-15T10:53:40Z,53,10,0.268,29.42,33.68587813
104.461,2021-01-15T10:55:30Z,55,10,0.268,29.41,33.73227296
104.461,2021-01-15T11:38:10Z,38,11,0.268,28.9,33.89533794
104.463,2021-01-15T10:10:10Z,10,10,0.268,29.21,34.02191986
104.465,2021-01-15T10:14:40Z,14,10,0.268,29.1,33.99394737
104.465,2021-01-15T10:16:00Z,16,10,0.268,28.7,33.98828768
104.468,2021-01-15T10:23:00Z,23,10,0.268,28.83,33.73857144
104.468,2021-01-15T10:23:50Z,23,10,0.268,28.89,33.66040725
104.471,2021-01-15T10:25:50Z,25,10,0.269,29.06,33.73280914
104.471,2021-01-15T10:30:10Z,30,10,0.269,29.15,33.85947649
104.471,2021-01-15T10:35:20Z,35,10,0.269,29.3,33.06952504
104.473,2021-01-15T10:37:10Z,37,10,0.269,29.36,33.08225836
104.474,2021-01-15T09:57:20Z,57,9,0.269,29.15,34.37604449
104.476,2021-01-15T10:42:10Z,42,10,0.269,29.33,33.74244669
104.476,2021-01-15T10:42:30Z,42,10,0.269,29.33,33.69337204
104.476,2021-01-15T11:06:20Z,6,11,0.269,29.24,33.57705916
104.476,2021-01-15T11:14:20Z,14,11,0.269,29.06,33.78848129
104.476,2021-01-15T11:16:40Z,16,11,0.269,29.04,33.80923031
104.476,2021-01-15T11:19:30Z,19,11,0.269,28.99,33.85441162
104.477,2021-01-15T10:05:10Z,5,10,0.269,29.16,34.1708272
104.479,2021-01-15T10:50:30Z,50,10,0.269,29.41,33.66348312
104.479,2021-01-15T10:50:40Z,50,10,0.269,29.41,33.62096826
104.479,2021-01-15T11:24:10Z,24,11,0.269,28.95,33.85329369
104.479,2021-01-15T11:25:30Z,25,11,0.269,28.9,33.91175188
104.479,2021-01-15T11:35:50Z,35,11,0.269,28.88,33.90627241
104.479,2021-01-15T11:36:10Z,36,11,0.269,28.88,33.93253486
104.479,2021-01-15T11:37:00Z,37,11,0.269,28.88,33.93253661
104.479,2021-01-15T11:45:10Z,45,11,0.269,29,33.99908003
104.48,2021-01-15T10:07:40Z,7,10,0.269,29.2,34.10893657
104.48,2021-01-15T10:08:10Z,8,10,0.269,29.2,34.07557329
104.48,2021-01-15T10:14:20Z,14,10,0.269,29.09,33.97461056
104.481,2021-01-15T11:48:00Z,48,11,0.27,28.94,33.99550778
104.481,2021-01-15T11:48:50Z,48,11,0.27,28.95,34.00818239
104.484,2021-01-15T12:02:10Z,2,12,0.27,29.08,33.89935616
104.485,2021-01-15T10:20:40Z,20,10,0.27,28.83,33.91866908
104.487,2021-01-15T12:06:10Z,6,12,0.27,29.03,33.94470506
104.488,2021-01-15T10:26:30Z,26,10,0.27,29.05,33.82831467
104.49,2021-01-15T10:38:50Z,38,10,0.27,29.26,32.74769798
104.493,2021-01-15T11:03:30Z,3,11,0.271,29.35,33.61072819
104.493,2021-01-15T11:11:30Z,11,11,0.271,29.1,33.69486004
104.493,2021-01-15T11:14:00Z,14,11,0.271,29.08,33.78096228
104.493,2021-01-15T11:21:30Z,21,11,0.271,29.01,33.85674442
104.494,2021-01-15T10:05:30Z,5,10,0.271,29.19,34.12265526
104.496,2021-01-15T11:28:00Z,28,11,0.271,28.9,33.9348304
104.496,2021-01-15T11:31:00Z,31,11,0.271,28.82,33.95222534
104.496,2021-01-15T11:35:10Z,35,11,0.271,28.89,33.94522907
104.496,2021-01-15T11:41:30Z,41,11,0.271,29.03,33.9645034
104.496,2021-01-15T11:44:30Z,44,11,0.271,29.03,33.97438997
104.496,2021-01-15T11:44:40Z,44,11,0.271,29.03,33.97774429
104.497,2021-01-15T10:10:50Z,10,10,0.271,29.19,34.15604413
104.497,2021-01-15T10:13:00Z,13,10,0.271,29.19,34.04942103
104.499,2021-01-15T11:49:30Z,49,11,0.271,28.98,33.96369244
104.499,2021-01-15T11:52:00Z,52,11,0.271,28.98,33.95707485
104.5,2021-01-15T10:15:40Z,15,10,0.271,28.73,33.94381388
104.5,2021-01-15T10:18:30Z,18,10,0.271,28.81,33.99542009
104.501,2021-01-15T12:02:40Z,2,12,0.271,29.06,33.92340691
104.501,2021-01-15T12:02:50Z,2,12,0.271,29.09,33.89227272
104.502,2021-01-15T10:20:20Z,20,10,0.272,28.82,33.85683781
104.502,2021-01-15T10:22:40Z,22,10,0.272,28.79,33.76689398
104.502,2021-01-15T10:23:40Z,23,10,0.272,28.97,33.78322872
104.505,2021-01-15T10:26:20Z,26,10,0.272,29.05,33.81183453
104.505,2021-01-15T10:29:10Z,29,10,0.272,29.16,33.98783975
104.505,2021-01-15T10:33:00Z,33,10,0.272,29.25,33.788899549999996
104.51,2021-01-15T10:40:10Z,40,10,0.272,29.27,33.76499949
104.51,2021-01-15T10:45:20Z,45,10,0.272,29.38,33.65499247
104.51,2021-01-15T11:00:30Z,0,11,0.272,29.42,33.461116
104.51,2021-01-15T11:07:40Z,7,11,0.272,29.19,33.58277724
104.51,2021-01-15T11:08:50Z,8,11,0.272,29.16,33.60056329
104.51,2021-01-15T11:13:50Z,13,11,0.272,29.08,33.78096194
104.512,2021-01-15T10:05:00Z,5,10,0.273,29.16,34.17743471
104.512,2021-01-15T10:06:40Z,6,10,0.273,29.17,34.11356513
104.513,2021-01-15T10:52:40Z,52,10,0.273,29.41,33.65036361
104.513,2021-01-15T10:55:50Z,55,10,0.273,29.41,33.70934467
104.513,2021-01-15T10:56:30Z,56,10,0.273,29.42,33.62045677
104.513,2021-01-15T11:25:20Z,25,11,0.273,28.93,33.87401407
104.513,2021-01-15T11:27:10Z,27,11,0.273,28.92,33.85487812
104.513,2021-01-15T11:28:10Z,28,11,0.273,28.88,33.92597508
104.513,2021-01-15T11:28:20Z,28,11,0.273,28.89,33.92540698
104.513,2021-01-15T11:34:00Z,34,11,0.273,28.89,33.90570376
104.513,2021-01-15T11:35:00Z,35,11,0.273,28.87,33.92982983
104.513,2021-01-15T11:36:20Z,36,11,0.273,28.88,33.95561916
104.513,2021-01-15T11:37:20Z,37,11,0.273,28.89,33.9123428
104.513,2021-01-15T11:41:50Z,41,11,0.273,29.05,33.96017524
104.516,2021-01-15T11:45:50Z,45,11,0.273,29.03,33.99759969
104.517,2021-01-15T10:15:50Z,15,10,0.273,28.66,33.9970708
104.517,2021-01-15T10:18:20Z,18,10,0.273,28.79,34.00313494
104.52,2021-01-15T10:25:20Z,25,10,0.273,29.1,33.77651264
104.522,2021-01-15T10:28:50Z,28,10,0.274,29.17,33.93110831
104.522,2021-01-15T10:30:30Z,30,10,0.274,29.19,33.84765374
104.522,2021-01-15T10:33:10Z,33,10,0.274,29.21,33.29761239
104.525,2021-01-15T10:39:10Z,39,10,0.274,29.38,33.20235647
104.526,2021-01-15T09:58:50Z,58,9,0.274,29.12,34.41456174
104.528,2021-01-15T11:04:50Z,4,11,0.274,29.24,33.62582374
104.528,2021-01-15T11:08:30Z,8,11,0.274,29.15,33.62717259
104.528,2021-01-15T11:22:20Z,22,11,0.274,29,33.83428153
104.53,2021-01-15T10:56:00Z,56,10,0.274,29.41,33.65360649
104.53,2021-01-15T11:26:30Z,26,11,0.274,28.92,33.86468091
104.53,2021-01-15T11:29:10Z,29,11,0.274,28.93,33.91015126
104.53,2021-01-15T11:30:30Z,30,11,0.274,29,33.82768222
104.53,2021-01-15T11:32:10Z,32,11,0.274,28.88,33.90953592
104.53,2021-01-15T11:41:10Z,41,11,0.274,28.97,33.99065989
104.53,2021-01-15T11:42:30Z,42,11,0.274,29.06,33.95307581
104.531,2021-01-15T10:13:50Z,13,10,0.274,29.12,34.04934875
104.534,2021-01-15T10:16:40Z,16,10,0.275,28.73,34.0129951
104.537,2021-01-15T10:23:20Z,23,10,0.275,28.84,33.84264455
104.539,2021-01-15T10:32:40Z,32,10,0.275,29.24,33.818955
104.542,2021-01-15T10:36:10Z,36,10,0.276,29.3,33.56428989
104.542,2021-01-15T10:39:00Z,39,10,0.276,29.31,32.9392988
104.545,2021-01-15T10:39:40Z,39,10,0.276,29.27,33.89343148
104.545,2021-01-15T10:40:00Z,40,10,0.276,29.24,33.95761868
104.545,2021-01-15T10:40:20Z,40,10,0.276,29.25,33.93401772
104.545,2021-01-15T10:47:50Z,47,10,0.276,29.35,33.5488066
104.545,2021-01-15T10:59:20Z,59,10,0.276,29.43,33.45415542
104.545,2021-01-15T11:02:10Z,2,11,0.276,29.39,33.43017246
104.545,2021-01-15T11:02:50Z,2,11,0.276,29.39,33.55021596
104.545,2021-01-15T11:05:00Z,5,11,0.276,29.26,33.57278888
104.545,2021-01-15T11:20:50Z,20,11,0.276,28.99,33.83147823
104.545,2021-01-15T11:21:40Z,21,11,0.276,29.03,33.83596927
104.546,2021-01-15T10:00:50Z,0,10,0.276,29.12,34.32009144
104.547,2021-01-15T12:28:00Z,28,12,0.276,29.37,33.87587866
104.548,2021-01-15T10:52:50Z,52,10,0.276,29.39,33.64800457
104.548,2021-01-15T11:33:30Z,33,11,0.276,28.87,33.96273219
104.548,2021-01-15T11:33:50Z,33,11,0.276,28.87,33.94300715
104.548,2021-01-15T11:39:30Z,39,11,0.276,28.89,33.93206304
104.548,2021-01-15T11:40:50Z,40,11,0.276,28.93,33.9464926
104.548,2021-01-15T11:43:30Z,43,11,0.276,29.03,33.99759481
104.549,2021-01-15T10:09:20Z,9,10,0.276,29.2,34.05894073
104.549,2021-01-15T10:10:40Z,10,10,0.276,29.22,34.10130736
104.549,2021-01-15T10:13:30Z,13,10,0.276,29.15,34.08791753
104.55,2021-01-15T11:45:30Z,45,11,0.276,29.03,34.00748084
104.55,2021-01-15T11:46:10Z,46,11,0.276,29.01,34.02171565
104.55,2021-01-15T11:55:40Z,55,11,0.276,28.98,33.914266
104.556,2021-01-15T12:05:00Z,5,12,0.277,29.08,33.88288574
104.557,2021-01-15T10:27:00Z,27,10,0.277,29.19,33.84439459
104.561,2021-01-15T09:56:00Z,56,9,0.277,29.17,34.48010693
104.561,2021-01-15T10:00:30Z,0,10,0.277,29.14,34.29234112
104.561,2021-01-15T10:00:40Z,0,10,0.277,29.14,34.33945958
104.562,2021-01-15T10:42:20Z,42,10,0.278,29.35,33.66296232
104.562,2021-01-15T10:43:30Z,43,10,0.278,29.35,33.78754833
104.562,2021-01-15T11:02:20Z,2,11,0.278,29.39,33.43017281
104.562,2021-01-15T11:15:20Z,15,11,0.278,29.06,33.80160894
104.562,2021-01-15T11:23:30Z,23,11,0.278,28.97,33.85553483
104.563,2021-01-15T10:01:30Z,1,10,0.278,29.11,34.33062136
104.563,2021-01-15T10:04:10Z,4,10,0.278,29.15,34.24488007
104.565,2021-01-15T10:53:50Z,53,10,0.278,29.42,33.66628413
104.565,2021-01-15T11:28:50Z,28,11,0.278,28.92,33.87458121
104.565,2021-01-15T11:30:20Z,30,11,0.278,29.03,33.83924856
104.565,2021-01-15T11:35:20Z,35,11,0.278,28.89,33.93859634
104.565,2021-01-15T11:35:40Z,35,11,0.278,28.88,33.93916792
104.565,2021-01-15T11:36:00Z,36,11,0.278,28.88,33.94571205
104.566,2021-01-15T10:09:10Z,9,10,0.278,29.2,34.06563039
104.566,2021-01-15T10:12:30Z,12,10,0.278,29.2,34.10560093
104.567,2021-01-15T11:48:10Z,48,11,0.278,28.94,33.99550812
104.567,2021-01-15T11:52:10Z,52,11,0.278,28.94,33.99878548
104.567,2021-01-15T11:54:00Z,54,11,0.278,28.99,33.9104294
104.569,2021-01-15T10:15:00Z,15,10,0.278,29.06,34.04232287
104.569,2021-01-15T10:19:20Z,19,10,0.278,28.82,33.86338375
104.57,2021-01-15T12:03:10Z,3,12,0.278,29.1,33.86211638
104.574,2021-01-15T10:25:40Z,25,10,0.279,29.06,33.72294512
104.574,2021-01-15T10:34:20Z,34,10,0.279,29.15,32.5679127
104.578,2021-01-15T12:24:00Z,24,12,0.279,29.31,33.79294104
104.579,2021-01-15T10:48:30Z,48,10,0.279,29.41,33.53299439
104.579,2021-01-15T11:10:30Z,10,11,0.279,29.11,33.6944178
104.579,2021-01-15T11:21:50Z,21,11,0.279,29.03,33.80317931
104.579,2021-01-15T11:23:40Z,23,11,0.279,28.98,33.86150676
104.582,2021-01-15T11:29:30Z,29,11,0.28,28.98,33.83531369
104.582,2021-01-15T11:32:00Z,32,11,0.28,28.87,33.91010088
104.582,2021-01-15T11:34:30Z,34,11,0.28,28.88,33.93916548
104.582,2021-01-15T11:35:30Z,35,11,0.28,28.87,33.93964746
104.582,2021-01-15T11:40:30Z,40,11,0.28,28.93,33.9530296
104.582,2021-01-15T11:41:00Z,41,11,0.28,28.94,33.98550486
104.585,2021-01-15T11:54:20Z,54,11,0.28,28.99,33.9335562
104.586,2021-01-15T10:18:10Z,18,10,0.28,28.79,33.9998566
104.591,2021-01-15T10:29:00Z,29,10,0.28,29.19,34.04285408
104.594,2021-01-15T10:37:00Z,37,10,0.281,29.3,32.97461179
104.596,2021-01-15T11:08:00Z,8,11,0.281,29.17,33.60988535
104.596,2021-01-15T11:08:10Z,8,11,0.281,29.19,33.61210096
104.596,2021-01-15T11:08:20Z,8,11,0.281,29.17,33.61963452
104.596,2021-01-15T11:09:30Z,9,11,0.281,29.16,33.63315612
104.596,2021-01-15T11:09:40Z,9,11,0.281,29.12,33.6547547
104.596,2021-01-15T11:09:50Z,9,11,0.281,29.14,33.63419745
104.596,2021-01-15T11:11:20Z,11,11,0.281,29.09,33.70850279
104.596,2021-01-15T11:15:40Z,15,11,0.281,29.05,33.79554951
104.599,2021-01-15T10:52:10Z,52,10,0.281,29.38,33.67794216
104.599,2021-01-15T10:55:40Z,55,10,0.281,29.42,33.64660553
104.599,2021-01-15T11:23:50Z,23,11,0.281,28.97,33.8325002
104.599,2021-01-15T11:25:00Z,25,11,0.281,28.94,33.86038552
104.599,2021-01-15T11:26:50Z,26,11,0.281,28.9,33.88877472
104.599,2021-01-15T11:27:40Z,27,11,0.281,28.92,33.88111545
104.599,2021-01-15T11:29:20Z,29,11,0.281,28.93,33.8839165
104.599,2021-01-15T11:36:50Z,36,11,0.281,28.89,33.90898027
104.599,2021-01-15T11:38:40Z,38,11,0.281,28.9,33.91177945
104.599,2021-01-15T11:40:00Z,40,11,0.281,28.89,33.94851038
104.599,2021-01-15T11:41:20Z,41,11,0.281,29.04,33.92441499
104.6,2021-01-15T10:09:00Z,9,10,0.281,29.19,34.07274139
104.6,2021-01-15T10:10:30Z,10,10,0.281,29.25,34.05332486
104.6,2021-01-15T10:11:20Z,11,10,0.281,29.2,34.15895528
104.601,2021-01-15T12:35:20Z,35,12,0.281,29.5,33.76798237
104.602,2021-01-15T11:45:40Z,45,11,0.282,29.03,33.97439241
104.602,2021-01-15T11:46:00Z,46,11,0.282,29.03,34.01410026
104.602,2021-01-15T11:50:50Z,50,11,0.282,28.98,33.98683134
104.602,2021-01-15T11:54:30Z,54,11,0.282,28.99,33.92358028
104.606,2021-01-15T10:20:30Z,20,10,0.282,28.83,33.86283059
104.606,2021-01-15T10:23:10Z,23,10,0.282,28.84,33.72495564
104.611,2021-01-15T10:37:40Z,37,10,0.282,29.26,32.68219153
104.612,2021-01-15T09:57:40Z,57,9,0.283,29.14,34.36981377
104.612,2021-01-15T09:58:40Z,58,9,0.283,29.12,34.34365628
104.612,2021-01-15T09:59:50Z,59,9,0.283,29.12,34.33695024
104.614,2021-01-15T10:47:30Z,47,10,0.283,29.35,33.53909241
104.614,2021-01-15T10:47:40Z,47,10,0.283,29.33,33.53030041
104.614,2021-01-15T10:48:00Z,48,10,0.283,29.37,33.5967048
104.614,2021-01-15T11:03:10Z,3,11,0.283,29.35,33.58796675
104.614,2021-01-15T11:15:50Z,15,11,0.283,29.06,33.79835115
104.614,2021-01-15T11:22:40Z,22,11,0.283,28.99,33.8150747
104.614,2021-01-15T11:23:20Z,23,11,0.283,28.97,33.82270537
104.615,2021-01-15T10:02:00Z,2,10,0.283,29.09,34.34162304
104.615,2021-01-15T10:05:20Z,5,10,0.283,29.16,34.16078037
104.615,2021-01-15T12:33:30Z,33,12,0.283,29.42,33.86044688
104.616,2021-01-15T11:25:50Z,25,11,0.283,28.89,33.86953196
104.616,2021-01-15T11:44:10Z,44,11,0.283,29.03,33.971126
104.618,2021-01-15T10:08:00Z,8,10,0.283,29.19,34.09932629
104.618,2021-01-15T10:08:50Z,8,10,0.283,29.2,34.04899548
104.618,2021-01-15T10:12:00Z,12,10,0.283,29.19,34.1260154
104.619,2021-01-15T11:47:50Z,47,11,0.283,28.94,34.02520258
104.619,2021-01-15T11:48:20Z,48,11,0.283,28.93,33.99263974
104.619,2021-01-15T11:49:20Z,49,11,0.283,28.97,34.01708772
104.619,2021-01-15T11:51:20Z,51,11,0.283,28.99,33.94343598
104.619,2021-01-15T11:56:50Z,56,11,0.283,29,33.95284885
104.62,2021-01-15T10:17:30Z,17,10,0.283,28.71,33.97121134
104.62,2021-01-15T10:17:40Z,17,10,0.283,28.71,33.98771505
104.622,2021-01-15T12:01:00Z,1,12,0.284,29.05,33.90739729
104.625,2021-01-15T12:05:10Z,5,12,0.284,29.06,33.90031651
104.625,2021-01-15T12:05:50Z,5,12,0.284,29.09,33.89888656
104.625,2021-01-15T12:06:40Z,6,12,0.284,29.06,33.9267666
104.625,2021-01-15T12:10:00Z,10,12,0.284,29.25,33.88465233
104.626,2021-01-15T10:26:40Z,26,10,0.284,29.09,33.87559931
104.626,2021-01-15T10:33:20Z,33,10,0.284,29.22,33.10886029
104.631,2021-01-15T10:39:20Z,39,10,0.284,29.39,33.3720156
104.631,2021-01-15T10:44:10Z,44,10,0.284,29.36,33.69194966
104.631,2021-01-15T10:48:50Z,48,10,0.284,29.42,33.75805928
104.631,2021-01-15T11:09:00Z,9,11,0.284,29.15,33.63367546
104.633,2021-01-15T12:27:10Z,27,12,0.285,29.35,33.82729634
104.634,2021-01-15T10:56:10Z,56,10,0.285,29.42,33.65316716
104.634,2021-01-15T11:36:30Z,36,11,0.285,28.88,33.95561951
104.634,2021-01-15T11:37:50Z,37,11,0.285,28.89,33.89917078
104.636,2021-01-15T11:52:50Z,52,11,0.285,28.95,33.9224083
104.64,2021-01-15T10:20:50Z,20,10,0.285,28.83,33.86283129
104.643,2021-01-15T10:28:00Z,28,10,0.286,29.17,33.87172293
104.643,2021-01-15T10:30:20Z,30,10,0.286,29.15,33.82657345
104.648,2021-01-15T10:49:10Z,49,10,0.286,29.41,33.63732306
104.649,2021-01-15T10:01:10Z,1,10,0.286,29.12,34.33024477
104.649,2021-01-15T10:03:50Z,3,10,0.286,29.15,34.21807378
104.651,2021-01-15T11:29:40Z,29,11,0.286,29.04,33.7928667
104.651,2021-01-15T11:33:20Z,33,11,0.286,28.86,33.94021357
104.651,2021-01-15T11:37:40Z,37,11,0.286,28.88,33.92272354
104.651,2021-01-15T11:42:10Z,42,11,0.286,29.06,33.93658862
104.654,2021-01-15T11:50:00Z,50,11,0.287,28.98,33.95707067
104.655,2021-01-15T10:20:10Z,20,10,0.287,28.79,33.79626917
104.656,2021-01-15T11:59:40Z,59,11,0.287,29,33.93961483
104.656,2021-01-15T12:01:30Z,1,12,0.287,29.04,33.93759587
104.657,2021-01-15T10:21:00Z,21,10,0.287,28.84,33.85900308
104.659,2021-01-15T12:04:40Z,4,12,0.287,29.08,33.90597038
104.659,2021-01-15T12:06:50Z,6,12,0.287,29.08,33.96211445
104.66,2021-01-15T10:29:50Z,29,10,0.287,29.17,33.88492168
104.66,2021-01-15T10:33:40Z,33,10,0.287,29.16,33.08043148
104.665,2021-01-15T11:02:30Z,2,11,0.288,29.39,33.44634251
104.665,2021-01-15T11:06:40Z,6,11,0.288,29.22,33.61712893
104.665,2021-01-15T11:11:10Z,11,11,0.288,29.1,33.72424551
104.667,2021-01-15T10:06:10Z,6,10,0.288,29.19,34.12934987
104.668,2021-01-15T10:56:20Z,56,10,0.288,29.42,33.58137154
104.668,2021-01-15T11:40:20Z,40,11,0.288,28.9,33.95793202
104.669,2021-01-15T10:07:30Z,7,10,0.288,29.2,34.05893691
104.67,2021-01-15T12:41:10Z,41,12,0.288,29.6,33.73737196
104.671,2021-01-15T11:46:30Z,46,11,0.288,28.97,34.06019918
104.671,2021-01-15T11:51:00Z,51,11,0.288,28.98,33.99345543
104.671,2021-01-15T11:54:50Z,54,11,0.288,28.97,33.9377861
104.672,2021-01-15T10:17:00Z,17,10,0.289,28.76,33.99485241
104.674,2021-01-15T11:57:50Z,57,11,0.289,29,33.92310758
104.676,2021-01-15T12:09:20Z,9,12,0.289,29.17,33.92137407
104.677,2021-01-15T10:26:00Z,26,10,0.289,29.04,33.730533
104.679,2021-01-15T12:20:00Z,20,12,0.289,29.35,33.73516965
104.68,2021-01-15T10:36:30Z,36,10,0.289,29.27,33.68962787
104.683,2021-01-15T10:43:00Z,43,10,0.29,29.36,33.71489507
104.683,2021-01-15T10:43:50Z,43,10,0.29,29.32,33.87463246
104.683,2021-01-15T10:44:00Z,44,10,0.29,29.36,33.72470698
104.683,2021-01-15T10:46:50Z,46,10,0.29,29.36,33.55486011
104.683,2021-01-15T11:10:10Z,10,11,0.29,29.11,33.66178664
104.683,2021-01-15T11:21:10Z,21,11,0.29,28.99,33.90047627
104.684,2021-01-15T12:26:50Z,26,12,0.29,29.27,33.88373045
104.685,2021-01-15T11:26:20Z,26,11,0.29,28.93,33.890446
104.685,2021-01-15T11:30:40Z,30,11,0.29,28.87,33.91664181
104.685,2021-01-15T11:39:50Z,39,11,0.29,28.89,33.93860576
104.686,2021-01-15T10:07:20Z,7,10,0.29,29.2,34.10559016
104.686,2021-01-15T10:08:30Z,8,10,0.29,29.19,34.05275708
104.686,2021-01-15T10:12:20Z,12,10,0.29,29.2,34.11220163
104.688,2021-01-15T11:46:40Z,46,11,0.29,28.98,34.01994341
104.688,2021-01-15T11:55:50Z,55,11,0.29,28.97,33.91474393
104.691,2021-01-15T12:02:00Z,2,12,0.29,29.06,33.9003099
104.693,2021-01-15T12:11:20Z,11,12,0.291,29.24,33.9049022
104.699,2021-01-15T12:21:30Z,21,12,0.291,29.37,33.7408354
104.7,2021-01-15T11:08:40Z,8,11,0.291,29.15,33.63367476
104.7,2021-01-15T11:10:00Z,10,11,0.291,29.11,33.66829391
104.7,2021-01-15T11:13:00Z,13,11,0.291,29.1,33.75047427
104.7,2021-01-15T11:23:00Z,23,11,0.291,28.99,33.85441893
104.702,2021-01-15T12:27:00Z,27,12,0.291,29.31,33.8521585
104.703,2021-01-15T10:53:00Z,53,10,0.292,29.42,33.6662824
104.703,2021-01-15T11:26:00Z,26,11,0.292,28.9,33.8723343
104.703,2021-01-15T11:27:20Z,27,11,0.292,28.89,33.89587837
104.703,2021-01-15T11:44:20Z,44,11,0.292,29.01,34.02506775
104.705,2021-01-15T11:52:20Z,52,11,0.292,28.95,33.96851669
104.705,2021-01-15T11:53:40Z,53,11,0.292,28.95,33.94210517
104.711,2021-01-15T12:04:30Z,4,12,0.292,29.09,33.86919654
104.711,2021-01-15T12:09:30Z,9,12,0.292,29.22,33.93882599
104.711,2021-01-15T12:11:00Z,11,12,0.292,29.26,33.87758924
104.712,2021-01-15T10:25:30Z,25,10,0.292,29.06,33.76547951
104.712,2021-01-15T10:26:50Z,26,10,0.292,29.24,33.98739086
104.713,2021-01-15T12:16:50Z,16,12,0.293,29.31,33.82906376
104.713,2021-01-15T12:19:40Z,19,12,0.293,29.33,33.80515788
104.717,2021-01-15T10:45:40Z,45,10,0.293,29.37,33.66856608
104.717,2021-01-15T11:06:30Z,6,11,0.293,29.22,33.6008061
104.717,2021-01-15T11:07:10Z,7,11,0.293,29.21,33.61431133
104.717,2021-01-15T11:23:10Z,23,11,0.293,28.98,33.84844801
104.718,2021-01-15T10:01:20Z,1,10,0.293,29.14,34.31590061
104.718,2021-01-15T10:01:50Z,1,10,0.293,29.1,34.33444378
104.719,2021-01-15T12:30:10Z,30,12,0.293,29.47,33.8516688
104.72,2021-01-15T11:31:40Z,31,11,0.293,28.87,33.91010018
104.728,2021-01-15T12:04:20Z,4,12,0.294,29.08,33.89936068
104.73,2021-01-15T12:58:00Z,58,12,0.294,29.59,33.73123305
104.731,2021-01-15T12:18:10Z,18,12,0.294,29.32,33.81877525
104.733,2021-01-15T12:23:50Z,23,12,0.295,29.3,33.84938007
104.734,2021-01-15T11:18:30Z,18,11,0.295,29.03,33.79991171
104.735,2021-01-15T10:02:20Z,2,10,0.295,29.11,34.30378726
104.736,2021-01-15T12:26:40Z,26,12,0.295,29.08,33.98198934
104.736,2021-01-15T12:32:20Z,32,12,0.295,29.47,33.81869145
104.737,2021-01-15T11:40:10Z,40,11,0.295,28.87,33.929840660000004
104.737,2021-01-15T11:43:20Z,43,11,0.295,29.05,34.00648418
104.737,2021-01-15T11:43:50Z,43,11,0.295,29.01,34.01182467
104.74,2021-01-15T11:44:50Z,44,11,0.295,29.03,33.99424331
104.74,2021-01-15T11:48:30Z,48,11,0.295,28.93,34.02570107
104.74,2021-01-15T11:52:40Z,52,11,0.295,28.95,33.92240795
104.74,2021-01-15T11:55:00Z,55,11,0.295,28.97,33.90821042
104.745,2021-01-15T12:09:50Z,9,12,0.296,29.24,33.86861245
104.745,2021-01-15T12:10:40Z,10,12,0.296,29.26,33.91052457
104.748,2021-01-15T12:13:40Z,13,12,0.296,29.1,33.97101862
104.753,2021-01-15T10:04:40Z,4,10,0.297,29.15,34.19797355
104.754,2021-01-15T11:29:00Z,29,11,0.297,28.92,33.90744858
104.757,2021-01-15T11:47:40Z,47,11,0.297,28.95,34.01144854
104.757,2021-01-15T11:51:50Z,51,11,0.297,28.99,33.97309793
104.758,2021-01-15T10:18:00Z,18,10,0.297,28.77,33.994275879999996
104.76,2021-01-15T12:02:20Z,2,12,0.297,29.06,33.90031059
104.762,2021-01-15T12:04:50Z,4,12,0.297,29.08,33.90597073
104.762,2021-01-15T12:11:10Z,11,12,0.297,29.24,33.92142245
104.763,2021-01-15T10:32:50Z,32,10,0.298,29.26,33.765441
104.765,2021-01-15T12:11:40Z,11,12,0.298,29.19,33.93369571
104.765,2021-01-15T12:12:00Z,12,12,0.298,29.21,33.91953588
104.765,2021-01-15T12:18:00Z,18,12,0.298,29.32,33.7891322
104.765,2021-01-15T12:19:50Z,19,12,0.298,29.35,33.8141327
104.767,2021-01-15T09:58:00Z,58,9,0.298,29.15,34.34913318
104.767,2021-01-15T09:58:20Z,58,9,0.298,29.14,34.32595249
104.769,2021-01-15T10:49:20Z,49,10,0.298,29.41,33.56551985
104.77,2021-01-15T10:01:00Z,1,10,0.298,29.12,34.32009178
104.77,2021-01-15T10:04:50Z,4,10,0.298,29.14,34.17505322
104.771,2021-01-15T12:24:40Z,24,12,0.298,29.16,33.94169018
104.771,2021-01-15T12:25:30Z,25,12,0.298,29.19,33.96345737
104.771,2021-01-15T12:35:00Z,35,12,0.298,29.52,33.73088667
104.774,2021-01-15T11:49:10Z,49,11,0.299,28.95,33.97840493
104.774,2021-01-15T11:53:20Z,53,11,0.299,28.98,33.94065757
104.775,2021-01-15T10:19:40Z,19,10,0.299,28.7,33.50649011
104.778,2021-01-15T10:21:40Z,21,10,0.299,28.82,33.97510025
104.78,2021-01-15T12:05:20Z,5,12,0.299,29.06,33.90031686
104.78,2021-01-15T12:06:30Z,6,12,0.299,29.08,33.955503
104.781,2021-01-15T10:30:40Z,30,10,0.299,29.2,33.79462773
104.782,2021-01-15T12:11:50Z,11,12,0.299,29.16,33.98805376
104.784,2021-01-15T09:58:30Z,58,9,0.3,29.14,34.35966467
104.786,2021-01-15T10:43:40Z,43,10,0.3,29.31,33.90810608
104.786,2021-01-15T11:20:00Z,20,11,0.3,28.97,33.87520927
104.789,2021-01-15T11:28:30Z,28,11,0.3,28.88,33.91943296
104.789,2021-01-15T11:33:00Z,33,11,0.3,28.88,33.94243402
104.791,2021-01-15T11:49:50Z,49,11,0.3,28.97,34.0038376
104.794,2021-01-15T11:56:00Z,56,11,0.301,28.98,33.9142667
104.794,2021-01-15T11:58:00Z,58,11,0.301,29.01,33.91274664
104.794,2021-01-15T11:59:30Z,59,11,0.301,28.99,33.95660493
104.798,2021-01-15T10:34:00Z,34,10,0.301,29.16,32.7441798
104.802,2021-01-15T12:23:30Z,23,12,0.301,29.32,33.80229762
104.803,2021-01-15T11:06:00Z,6,11,0.302,29.24,33.554256
104.803,2021-01-15T11:22:30Z,22,11,0.302,28.98,33.86150432
104.805,2021-01-15T12:27:40Z,27,12,0.302,29.39,33.81884667
104.806,2021-01-15T11:25:40Z,25,11,0.302,28.93,33.84115891
104.806,2021-01-15T11:38:00Z,38,11,0.302,28.89,33.91561488
104.807,2021-01-15T10:13:10Z,13,10,0.302,29.17,34.04699846
104.809,2021-01-15T11:53:50Z,53,11,0.302,28.98,33.94392438
104.811,2021-01-15T12:03:20Z,3,12,0.302,29.1,33.87532782
104.814,2021-01-15T12:10:20Z,10,12,0.303,29.26,33.86766293
104.817,2021-01-15T12:12:20Z,12,12,0.303,29.19,33.95683232
104.817,2021-01-15T12:14:40Z,14,12,0.303,29.28,33.87664213
104.818,2021-01-15T10:36:20Z,36,10,0.303,29.28,33.63359032
104.819,2021-01-15T09:59:30Z,59,9,0.303,29.12,34.34365802
104.822,2021-01-15T12:26:30Z,26,12,0.303,29.03,33.9910668
104.822,2021-01-15T12:29:40Z,29,12,0.303,29.43,33.88982481
104.823,2021-01-15T11:34:50Z,34,11,0.304,28.89,33.9847586
104.827,2021-01-15T10:15:20Z,15,10,0.304,28.93,34.05866296
104.834,2021-01-15T12:15:40Z,15,12,0.305,29.3,33.83944668
104.834,2021-01-15T12:18:40Z,18,12,0.305,29.33,33.7985798
104.834,2021-01-15T12:18:50Z,18,12,0.305,29.35,33.78117311
104.837,2021-01-15T12:23:00Z,23,12,0.305,29.37,33.80663226
104.837,2021-01-15T12:23:40Z,23,12,0.305,29.25,33.85823973
104.838,2021-01-15T10:48:10Z,48,10,0.305,29.33,33.56278187
104.84,2021-01-15T10:52:30Z,52,10,0.305,29.39,33.66113248
104.841,2021-01-15T10:11:00Z,11,10,0.305,29.2,34.14891525
104.842,2021-01-15T12:37:30Z,37,12,0.305,29.38,33.82590708
104.843,2021-01-15T11:53:00Z,53,11,0.306,28.95,33.95862368
104.843,2021-01-15T11:54:40Z,54,11,0.306,28.97,33.96092325
104.846,2021-01-15T12:00:50Z,0,12,0.306,29.03,33.93807771
104.849,2021-01-15T12:06:20Z,6,12,0.306,29.09,33.93183807
104.851,2021-01-15T12:13:00Z,13,12,0.306,29.12,33.95682316
104.851,2021-01-15T12:19:30Z,19,12,0.306,29.36,33.79061575
104.854,2021-01-15T12:22:50Z,22,12,0.307,29.38,33.7863655
104.857,2021-01-15T12:30:50Z,30,12,0.307,29.46,33.83560774
104.858,2021-01-15T11:30:00Z,30,11,0.307,29.09,33.81329126
104.858,2021-01-15T11:37:30Z,37,11,0.307,28.9,33.89206677
104.86,2021-01-15T11:50:10Z,50,11,0.307,28.99,33.92357122
104.86,2021-01-15T11:52:30Z,52,11,0.307,28.95,33.95199637
104.863,2021-01-15T11:56:30Z,56,11,0.308,29,33.94287278
104.863,2021-01-15T12:03:50Z,3,12,0.308,29.11,33.84852953
104.866,2021-01-15T12:08:50Z,8,12,0.308,29,34.07533714
104.867,2021-01-15T10:30:00Z,30,10,0.308,29.19,33.88062586
104.871,2021-01-15T09:58:10Z,58,9,0.308,29.16,34.30155959
104.871,2021-01-15T12:21:50Z,21,12,0.308,29.38,33.724006610000004
104.871,2021-01-15T12:23:20Z,23,12,0.308,29.32,33.84185431
104.873,2021-01-15T10:04:30Z,4,10,0.309,29.14,34.21517077
104.874,2021-01-15T12:27:30Z,27,12,0.309,29.38,33.78970499
104.875,2021-01-15T11:27:00Z,27,11,0.309,28.9,33.90521502
104.875,2021-01-15T11:38:20Z,38,11,0.309,28.89,33.93860262
104.875,2021-01-15T11:39:40Z,39,11,0.309,28.89,33.90898621
104.877,2021-01-15T12:37:00Z,37,12,0.309,29.41,33.80479342
104.878,2021-01-15T11:46:50Z,46,11,0.309,28.99,33.99957716
104.878,2021-01-15T11:47:10Z,47,11,0.309,28.98,33.996714
104.878,2021-01-15T11:49:40Z,49,11,0.309,28.95,33.96851111
104.878,2021-01-15T11:50:20Z,50,11,0.309,28.97,33.94440011
104.878,2021-01-15T11:50:30Z,50,11,0.309,28.99,33.94007837
104.878,2021-01-15T11:51:10Z,51,11,0.309,28.99,33.97309653
104.878,2021-01-15T11:53:10Z,53,11,0.309,28.97,33.96418678
104.88,2021-01-15T12:01:20Z,1,12,0.309,29.04,33.9673193
104.883,2021-01-15T12:08:20Z,8,12,0.309,29.09,33.97484849
104.883,2021-01-15T12:09:00Z,9,12,0.309,29.08,34.01836396
104.886,2021-01-15T12:12:30Z,12,12,0.31,29.19,33.9237573
104.888,2021-01-15T13:19:00Z,19,13,0.31,29.79,33.65735728
104.889,2021-01-15T10:43:20Z,43,10,0.31,29.35,33.71534537
104.891,2021-01-15T12:27:50Z,27,12,0.31,29.39,33.81227772
104.891,2021-01-15T12:29:30Z,29,12,0.31,29.44,33.86622772
104.891,2021-01-15T12:30:00Z,30,12,0.31,29.43,33.83028239
104.891,2021-01-15T12:32:00Z,32,12,0.31,29.43,33.83028654
104.892,2021-01-15T11:26:40Z,26,11,0.31,28.92,33.87457668
104.892,2021-01-15T11:34:10Z,34,11,0.31,28.88,33.94570821
104.892,2021-01-15T11:40:40Z,40,11,0.31,28.93,33.95302995
104.893,2021-01-15T10:08:40Z,8,10,0.31,29.2,34.06228432
104.894,2021-01-15T12:40:20Z,40,12,0.311,29.6,33.77689495
104.895,2021-01-15T11:54:10Z,54,11,0.311,28.98,33.93068089
104.897,2021-01-15T12:43:40Z,43,12,0.311,29.65,33.70571422
104.897,2021-01-15T12:44:00Z,44,12,0.311,29.65,33.69586763
104.898,2021-01-15T11:57:10Z,57,11,0.311,29,33.94287417
104.898,2021-01-15T11:58:20Z,58,11,0.311,29,33.94287661
104.898,2021-01-15T12:00:40Z,0,12,0.311,29.03,33.90518064
104.9,2021-01-15T12:07:00Z,7,12,0.311,29.06,33.96309195
104.9,2021-01-15T12:08:30Z,8,12,0.311,29.08,33.96872888
104.903,2021-01-15T12:12:50Z,12,12,0.311,29.14,33.96579593
104.906,2021-01-15T12:24:10Z,24,12,0.312,29.31,33.82583447
104.908,2021-01-15T12:25:10Z,25,12,0.312,29.28,33.8601588
104.908,2021-01-15T12:29:50Z,29,12,0.312,29.44,33.8827763
104.908,2021-01-15T12:33:10Z,33,12,0.312,29.33,33.8678033
104.908,2021-01-15T12:34:30Z,34,12,0.312,29.39,33.80572245
104.911,2021-01-15T12:38:20Z,38,12,0.312,29.32,33.91777636
104.911,2021-01-15T12:40:00Z,40,12,0.312,29.59,33.76740964
104.911,2021-01-15T12:41:30Z,41,12,0.312,29.58,33.7744225
104.912,2021-01-15T11:50:40Z,50,11,0.312,28.98,33.95380609
104.913,2021-01-15T10:17:10Z,17,10,0.312,28.76,33.99485276
104.914,2021-01-15T12:43:50Z,43,12,0.313,29.64,33.7290922
104.915,2021-01-15T11:58:40Z,58,11,0.313,29,33.95938227
104.915,2021-01-15T12:00:10Z,0,12,0.313,29.01,33.91601473
104.917,2021-01-15T12:08:40Z,8,12,0.313,29.08,34.02497597
104.92,2021-01-15T12:13:20Z,13,12,0.313,29.1,33.99419501
104.92,2021-01-15T12:16:10Z,16,12,0.313,29.27,33.84086051
104.92,2021-01-15T12:16:30Z,16,12,0.313,29.31,33.8126607
104.92,2021-01-15T12:18:30Z,18,12,0.313,29.33,33.81173167
104.92,2021-01-15T12:19:20Z,19,12,0.313,29.36,33.78404342
104.923,2021-01-15T12:20:30Z,20,12,0.313,29.33,33.81173582
104.923,2021-01-15T12:23:10Z,23,12,0.313,29.38,33.76665837
104.926,2021-01-15T12:25:00Z,25,12,0.314,29.31,33.8455745
104.926,2021-01-15T12:25:20Z,25,12,0.314,29.21,33.92281548
104.926,2021-01-15T12:30:20Z,30,12,0.314,29.48,33.83474831
104.926,2021-01-15T12:30:40Z,30,12,0.314,29.46,33.79273651
104.926,2021-01-15T12:31:30Z,31,12,0.314,29.38,33.84902874
104.928,2021-01-15T12:41:50Z,41,12,0.314,29.63,33.69990255
104.929,2021-01-15T11:53:30Z,53,11,0.314,28.98,33.90437499
104.929,2021-01-15T11:55:10Z,55,11,0.314,28.98,33.9538155
104.929,2021-01-15T11:56:10Z,56,11,0.314,28.98,33.95708356
104.929,2021-01-15T11:56:20Z,56,11,0.314,28.99,33.95659831
104.932,2021-01-15T11:57:30Z,57,11,0.314,29.01,33.94239143
104.932,2021-01-15T11:59:10Z,59,11,0.314,29,33.9660038
104.932,2021-01-15T12:03:00Z,3,12,0.314,29.1,33.90826795
104.935,2021-01-15T12:08:00Z,8,12,0.315,29.14,33.89315676
104.937,2021-01-15T12:19:10Z,19,12,0.315,29.36,33.75118621
104.94,2021-01-15T12:20:40Z,20,12,0.315,29.35,33.77460403
104.943,2021-01-15T12:28:30Z,28,12,0.315,29.44,33.82000634
104.943,2021-01-15T12:31:20Z,31,12,0.315,29.41,33.86091996
104.946,2021-01-15T11:47:30Z,47,11,0.316,28.97,34.0138164
104.948,2021-01-15T12:44:10Z,44,12,0.316,29.66,33.68888167
104.949,2021-01-15T12:01:50Z,1,12,0.316,29.06,33.91353262
104.952,2021-01-15T12:05:40Z,5,12,0.316,29.04,33.95083476
104.952,2021-01-15T12:08:10Z,8,12,0.316,29.06,33.93329141
104.955,2021-01-15T12:12:10Z,12,12,0.317,29.21,33.91953622
104.955,2021-01-15T12:15:20Z,15,12,0.317,29.31,33.8159026
104.955,2021-01-15T12:17:00Z,17,12,0.317,29.31,33.81266174
104.955,2021-01-15T12:17:10Z,17,12,0.317,29.33,33.80515269
104.957,2021-01-15T09:57:50Z,57,9,0.317,29.15,34.36598685
104.957,2021-01-15T12:21:00Z,21,12,0.317,29.37,33.72769606
104.958,2021-01-15T11:06:10Z,6,11,0.317,29.22,33.59106662
104.961,2021-01-15T11:37:10Z,37,11,0.317,28.89,33.93860018
104.961,2021-01-15T11:44:00Z,44,11,0.317,29.03,33.98100627
104.963,2021-01-15T12:39:30Z,39,12,0.317,29.58,33.75137576
104.966,2021-01-15T11:56:40Z,56,11,0.318,28.99,33.96648613
104.966,2021-01-15T11:57:40Z,57,11,0.318,29,33.92972658
104.966,2021-01-15T12:43:20Z,43,12,0.318,29.65,33.67939549
104.968,2021-01-15T12:49:20Z,49,12,0.318,29.58,33.68237293
104.969,2021-01-15T12:09:10Z,9,12,0.318,29.12,33.97337579
104.971,2021-01-15T13:05:10Z,5,13,0.318,29.39,33.8024566
104.972,2021-01-15T12:13:50Z,13,12,0.318,29.1,33.96115136
104.972,2021-01-15T12:14:50Z,14,12,0.318,29.3,33.85594252
104.972,2021-01-15T12:16:20Z,16,12,0.318,29.3,33.81312674
104.975,2021-01-15T12:20:10Z,20,12,0.319,29.33,33.82822159
104.976,2021-01-15T11:07:30Z,7,11,0.319,29.19,33.5925206
104.976,2021-01-15T11:07:50Z,7,11,0.319,29.19,33.59585951
104.977,2021-01-15T12:28:20Z,28,12,0.319,29.43,33.82038669
104.977,2021-01-15T12:29:00Z,29,12,0.319,29.41,33.85101787
104.977,2021-01-15T12:34:20Z,34,12,0.319,29.5,33.79429088
104.977,2021-01-15T12:34:40Z,34,12,0.319,29.5,33.72847638
104.98,2021-01-15T12:36:30Z,36,12,0.319,29.53,33.74030373
104.984,2021-01-15T12:00:00Z,0,12,0.32,29.03,33.91170381
104.986,2021-01-15T12:07:40Z,7,12,0.32,29.05,34.00327243
104.989,2021-01-15T12:13:10Z,13,12,0.32,29.1,33.98758531
104.989,2021-01-15T12:13:30Z,13,12,0.32,29.11,33.98048417
104.989,2021-01-15T12:17:30Z,17,12,0.32,29.33,33.81497273
104.989,2021-01-15T12:17:50Z,17,12,0.32,29.33,33.7722761
104.992,2021-01-15T12:20:20Z,20,12,0.32,29.32,33.80562472
104.992,2021-01-15T12:22:10Z,22,12,0.32,29.39,33.7267937
104.995,2021-01-15T12:24:50Z,24,12,0.321,29.22,33.89921107
104.995,2021-01-15T12:29:20Z,29,12,0.321,29.37,33.87921325
104.997,2021-01-15T12:36:20Z,36,12,0.321,29.53,33.75681458
104.997,2021-01-15T12:40:50Z,40,12,0.321,29.58,33.72502156
104.997,2021-01-15T13:34:30Z,34,13,0.321,29.79,33.2023895
105.003,2021-01-15T12:47:40Z,47,12,0.321,29.59,33.63604569
105.003,2021-01-15T12:49:30Z,49,12,0.321,29.57,33.64669917
105.004,2021-01-15T12:10:30Z,10,12,0.322,29.26,33.87424977
105.006,2021-01-15T12:14:30Z,14,12,0.322,29.27,33.85402617
105.006,2021-01-15T12:15:10Z,15,12,0.322,29.3,33.79663008
105.006,2021-01-15T12:57:50Z,57,12,0.322,29.62,33.69385006
105.009,2021-01-15T12:24:20Z,24,12,0.322,29.22,33.90255127
105.013,2021-01-15T11:26:10Z,26,11,0.322,28.9,33.88541283
105.017,2021-01-15T12:44:20Z,44,12,0.323,29.65,33.65317229
105.017,2021-01-15T12:47:10Z,47,12,0.323,29.58,33.26333637
105.018,2021-01-15T11:57:20Z,57,11,0.323,29,33.93634544
105.018,2021-01-15T11:59:50Z,59,11,0.323,29.01,33.94239631
105.021,2021-01-15T12:10:10Z,10,12,0.323,29.26,33.87091069
105.022,2021-01-15T10:29:40Z,29,10,0.323,29.17,33.91791224
105.025,2021-01-15T13:01:30Z,1,13,0.324,29.6,33.71438368
105.029,2021-01-15T12:28:10Z,28,12,0.324,29.42,33.86043582
105.029,2021-01-15T12:31:00Z,31,12,0.324,29.46,33.7927372
105.032,2021-01-15T12:37:50Z,37,12,0.324,29.37,33.81647535
105.032,2021-01-15T12:38:30Z,38,12,0.324,29.52,33.85289045
105.033,2021-01-15T11:55:20Z,55,11,0.324,28.97,33.94441056
105.033,2021-01-15T11:55:30Z,55,11,0.324,28.98,33.91753102
105.038,2021-01-15T12:03:30Z,3,12,0.325,29.12,33.87103459
105.041,2021-01-15T12:12:40Z,12,12,0.325,29.16,33.93841009
105.041,2021-01-15T12:17:20Z,17,12,0.325,29.33,33.78866837
105.044,2021-01-15T11:06:50Z,6,11,0.326,29.24,33.59977499
105.044,2021-01-15T12:22:40Z,22,12,0.326,29.39,33.72355647
105.046,2021-01-15T12:29:10Z,29,12,0.326,29.36,33.91599271
105.047,2021-01-15T11:43:40Z,43,11,0.326,29.04,33.98051444
105.049,2021-01-15T12:35:40Z,35,12,0.326,29.53,33.77655654
105.049,2021-01-15T12:36:40Z,36,12,0.326,29.46,33.7795389
105.049,2021-01-15T12:37:40Z,37,12,0.326,29.37,33.77371825
105.053,2021-01-15T11:59:00Z,59,11,0.326,29,33.95938297
105.054,2021-01-15T12:49:50Z,49,12,0.327,29.62,33.66096535
105.054,2021-01-15T12:52:40Z,52,12,0.327,29.77,33.60560354
105.055,2021-01-15T12:07:50Z,7,12,0.327,29.1,33.95118117
105.055,2021-01-15T12:09:40Z,9,12,0.327,29.21,33.92937703
105.057,2021-01-15T12:55:20Z,55,12,0.327,29.33,33.8216278
105.061,2021-01-15T12:20:50Z,20,12,0.327,29.36,33.77747475
105.061,2021-01-15T12:21:20Z,21,12,0.327,29.36,33.75776167
105.061,2021-01-15T12:22:00Z,22,12,0.327,29.38,33.72400696
105.061,2021-01-15T12:22:30Z,22,12,0.327,29.38,33.73057574
105.063,2021-01-15T12:26:20Z,26,12,0.327,28.99,34.00954888
105.063,2021-01-15T12:32:40Z,32,12,0.327,29.43,33.85672947
105.063,2021-01-15T12:33:50Z,33,12,0.327,29.47,33.8153697
105.063,2021-01-15T12:34:00Z,34,12,0.327,29.48,33.83143139
105.066,2021-01-15T12:36:50Z,36,12,0.328,29.43,33.82373165
105.066,2021-01-15T12:39:10Z,39,12,0.328,29.59,33.7542304
105.069,2021-01-15T12:43:30Z,43,12,0.328,29.66,33.68225744
105.073,2021-01-15T12:04:00Z,4,12,0.328,29.1,33.88845063
105.077,2021-01-15T13:01:10Z,1,13,0.329,29.62,33.73989893
105.077,2021-01-15T13:11:50Z,11,13,0.329,29.43,33.87992725
105.081,2021-01-15T12:27:20Z,27,12,0.329,29.38,33.81274478
105.081,2021-01-15T12:28:50Z,28,12,0.329,29.44,33.82000703
105.081,2021-01-15T12:32:10Z,32,12,0.329,29.48,33.81166131
105.083,2021-01-15T12:36:00Z,36,12,0.329,29.49,33.75847775
105.083,2021-01-15T12:40:30Z,40,12,0.329,29.59,33.73451325
105.086,2021-01-15T12:45:00Z,45,12,0.33,29.64,33.22196352
105.086,2021-01-15T12:46:10Z,46,12,0.33,29.59,33.28532098
105.086,2021-01-15T12:46:20Z,46,12,0.33,29.57,33.26701706
105.087,2021-01-15T12:00:30Z,0,12,0.33,29.04,33.91784064
105.089,2021-01-15T12:55:00Z,55,12,0.33,29.41,33.74897711
105.09,2021-01-15T12:04:10Z,4,12,0.33,29.11,33.88797528
105.092,2021-01-15T12:11:30Z,11,12,0.33,29.2,33.94974412
105.092,2021-01-15T12:14:10Z,14,12,0.33,29.17,33.91153136
105.092,2021-01-15T13:06:10Z,6,13,0.33,29.35,33.82404509
105.094,2021-01-15T13:01:20Z,1,13,0.33,29.62,33.71687702
105.094,2021-01-15T13:12:10Z,12,13,0.33,29.39,33.90156759
105.098,2021-01-15T12:32:50Z,32,12,0.331,29.39,33.85845748
105.101,2021-01-15T12:38:10Z,38,12,0.331,29.35,33.8701923
105.101,2021-01-15T12:39:50Z,39,12,0.331,29.58,33.75792137
105.109,2021-01-15T12:58:10Z,58,12,0.332,29.75,33.67536912
105.11,2021-01-15T12:14:00Z,14,12,0.332,29.12,33.97999239
105.11,2021-01-15T12:14:20Z,14,12,0.332,29.28,33.84696916
105.112,2021-01-15T13:01:00Z,1,13,0.332,29.65,33.71228524
105.112,2021-01-15T13:20:20Z,20,13,0.332,29.84,33.60945123
105.115,2021-01-15T12:25:40Z,25,12,0.333,29.19,33.92044132
105.115,2021-01-15T12:31:50Z,31,12,0.333,29.42,33.84398126
105.121,2021-01-15T12:46:40Z,46,12,0.333,29.57,33.25091459
105.123,2021-01-15T12:48:20Z,48,12,0.333,29.62,33.63803815
105.127,2021-01-15T12:18:20Z,18,12,0.334,29.33,33.80515511
105.127,2021-01-15T12:19:00Z,19,12,0.334,29.36,33.78404272
105.134,2021-01-15T13:31:10Z,31,13,0.334,29.76,33.35532807
105.135,2021-01-15T12:38:40Z,38,12,0.335,29.57,33.74188192
105.135,2021-01-15T12:42:50Z,42,12,0.335,29.65,33.67608256
105.135,2021-01-15T12:43:00Z,43,12,0.335,29.65,33.64985805
105.139,2021-01-15T12:01:10Z,1,12,0.335,29.03,33.93481569
105.141,2021-01-15T12:48:40Z,48,12,0.335,29.6,33.64546058
105.143,2021-01-15T12:55:40Z,55,12,0.335,29.41,33.78513327
105.144,2021-01-15T12:17:40Z,17,12,0.335,29.35,33.78450222
105.146,2021-01-15T13:16:00Z,16,13,0.336,29.85,33.69452329
105.15,2021-01-15T12:26:00Z,26,12,0.336,29.12,33.93703352
105.15,2021-01-15T12:32:30Z,32,12,0.336,29.47,33.79559858
105.15,2021-01-15T12:33:00Z,33,12,0.336,29.32,33.88801858
105.15,2021-01-15T12:34:50Z,34,12,0.336,29.47,33.76595434
105.152,2021-01-15T12:35:10Z,35,12,0.336,29.46,33.79607093
105.152,2021-01-15T12:37:20Z,37,12,0.336,29.39,33.82552622
105.152,2021-01-15T12:38:00Z,38,12,0.336,29.38,33.7732582
105.152,2021-01-15T12:40:40Z,40,12,0.336,29.57,33.79138816
105.153,2021-01-15T11:47:00Z,47,11,0.336,28.95,34.01807527
105.155,2021-01-15T12:47:20Z,47,12,0.337,29.6,33.64545783
105.16,2021-01-15T10:29:30Z,29,10,0.337,29.15,33.91227583
105.161,2021-01-15T12:15:00Z,15,12,0.337,29.27,33.85068975
105.161,2021-01-15T12:56:50Z,56,12,0.337,29.75,33.67536637
105.164,2021-01-15T12:24:30Z,24,12,0.337,29.27,33.86387924
105.167,2021-01-15T12:26:10Z,26,12,0.338,29.14,33.95587307
105.168,2021-01-15T13:51:20Z,51,13,0.338,31.86,32.50345959
105.178,2021-01-15T13:07:40Z,7,13,0.339,29.22,33.85650078
105.178,2021-01-15T13:08:30Z,8,13,0.339,29.21,33.86356703
105.178,2021-01-15T13:09:00Z,9,13,0.339,29.22,33.84991284
105.181,2021-01-15T13:01:40Z,1,13,0.339,29.57,33.72883845
105.181,2021-01-15T13:12:20Z,12,13,0.339,29.36,33.90284071
105.184,2021-01-15T12:33:20Z,33,12,0.339,29.36,33.85322358
105.187,2021-01-15T12:35:50Z,35,12,0.34,29.55,33.71642425
105.187,2021-01-15T12:40:10Z,40,12,0.34,29.6,33.75386003
105.19,2021-01-15T12:44:50Z,44,12,0.34,29.66,33.23060735
105.192,2021-01-15T12:51:30Z,51,12,0.34,29.62,33.66096879
105.192,2021-01-15T12:53:00Z,53,12,0.34,29.77,33.60560423
105.195,2021-01-15T12:55:50Z,55,12,0.341,29.42,33.79779986
105.196,2021-01-15T12:16:00Z,16,12,0.341,29.32,33.80561573
105.198,2021-01-15T13:15:40Z,15,13,0.341,29.81,33.75214454
105.201,2021-01-15T12:28:40Z,28,12,0.341,29.46,33.82239054
105.207,2021-01-15T12:45:40Z,45,12,0.342,29.63,33.2288536
105.208,2021-01-15T11:58:50Z,58,11,0.342,29,33.92646466
105.208,2021-01-15T12:00:20Z,0,12,0.342,29.03,33.89521224
105.208,2021-01-15T12:01:40Z,1,12,0.342,29.04,33.9112289
105.21,2021-01-15T12:07:30Z,7,12,0.342,29.11,33.91440366
105.21,2021-01-15T12:55:10Z,55,12,0.342,29.36,33.76764369
105.213,2021-01-15T12:15:50Z,15,12,0.342,29.31,33.84889042
105.213,2021-01-15T12:16:40Z,16,12,0.342,29.31,33.82248429
105.215,2021-01-15T13:01:50Z,1,13,0.343,29.58,33.7612842
105.221,2021-01-15T12:35:30Z,35,12,0.343,29.54,33.73329438
105.221,2021-01-15T12:41:20Z,41,12,0.343,29.62,33.6970404
105.221,2021-01-15T12:41:40Z,41,12,0.343,29.62,33.70366918
105.224,2021-01-15T12:45:10Z,45,12,0.343,29.62,33.25817712
105.225,2021-01-15T11:57:00Z,57,11,0.344,29,33.95937878
105.225,2021-01-15T12:03:40Z,3,12,0.344,29.12,33.84797014
105.227,2021-01-15T12:49:40Z,49,12,0.344,29.63,33.62452896
105.23,2021-01-15T12:56:10Z,56,12,0.344,29.48,33.76553696
105.23,2021-01-15T12:58:20Z,58,12,0.344,29.75,33.66554131
105.23,2021-01-15T13:08:50Z,8,13,0.344,29.22,33.8499125
105.232,2021-01-15T13:45:00Z,45,13,0.344,31.15,33.23988286
105.236,2021-01-15T12:33:40Z,33,12,0.345,29.33,33.88096085
105.243,2021-01-15T13:38:00Z,38,13,0.345,29.77,32.95419551
105.245,2021-01-15T12:05:30Z,5,12,0.346,29.1,33.88193819
105.245,2021-01-15T12:10:50Z,10,12,0.346,29.26,33.90068869
105.25,2021-01-15T12:21:10Z,21,12,0.346,29.37,33.72769641
105.253,2021-01-15T12:31:40Z,31,12,0.346,29.42,33.82743008
105.255,2021-01-15T13:28:10Z,28,13,0.347,29.76,33.51781275
105.264,2021-01-15T12:56:30Z,56,12,0.347,29.64,33.66671207
105.264,2021-01-15T12:59:00Z,59,12,0.347,29.71,33.66385204
105.264,2021-01-15T13:04:50Z,4,13,0.347,29.33,33.85462327
105.264,2021-01-15T13:08:40Z,8,13,0.347,29.2,33.87063439
105.267,2021-01-15T13:15:10Z,15,13,0.348,29.81,33.75214351
105.267,2021-01-15T13:22:30Z,22,13,0.348,29.59,33.72142455
105.267,2021-01-15T13:24:50Z,24,13,0.348,29.62,33.65450039
105.27,2021-01-15T12:30:30Z,30,12,0.348,29.47,33.82201256
105.272,2021-01-15T13:34:20Z,34,13,0.348,29.82,33.17858737
105.273,2021-01-15T12:36:10Z,36,12,0.348,29.55,33.72629093
105.276,2021-01-15T12:46:00Z,46,12,0.349,29.6,33.23987884
105.276,2021-01-15T12:46:50Z,46,12,0.349,29.49,33.31587278
105.281,2021-01-15T13:07:50Z,7,13,0.349,29.21,33.84704058
105.281,2021-01-15T13:09:10Z,9,13,0.349,29.19,33.82829295
105.29,2021-01-15T12:37:10Z,37,12,0.35,29.39,33.79259041
105.29,2021-01-15T12:39:40Z,39,12,0.35,29.57,33.78143093
105.291,2021-01-15T11:47:20Z,47,11,0.35,28.99,34.00620114
105.296,2021-01-15T12:49:00Z,49,12,0.351,29.52,33.68820206
105.296,2021-01-15T12:52:50Z,52,12,0.351,29.79,33.56224484
105.299,2021-01-15T13:03:40Z,3,13,0.351,29.57,33.74193359
105.301,2021-01-15T13:02:10Z,2,13,0.351,29.55,33.73298207
105.301,2021-01-15T13:02:30Z,2,13,0.351,29.62,33.74644153
105.304,2021-01-15T13:25:30Z,25,13,0.351,29.76,33.57985634
105.304,2021-01-15T13:26:00Z,26,13,0.351,29.65,33.59428567
105.305,2021-01-15T12:25:50Z,25,12,0.351,29.14,33.91625527
105.307,2021-01-15T13:31:30Z,31,13,0.352,29.77,33.35484633
105.31,2021-01-15T12:44:30Z,44,12,0.352,29.66,33.23060666
105.312,2021-01-15T13:37:30Z,37,13,0.352,29.82,33.04732152
105.313,2021-01-15T12:50:20Z,50,12,0.352,29.69,33.59578256
105.314,2021-01-15T12:07:20Z,7,12,0.352,29.12,33.93038942
105.319,2021-01-15T12:21:40Z,21,12,0.353,29.37,33.74083574
105.321,2021-01-15T13:47:30Z,47,13,0.353,31.5,33.07669102
105.321,2021-01-15T13:48:30Z,48,13,0.353,31.6,32.71583834
105.328,2021-01-15T12:44:40Z,44,12,0.354,29.66,33.24025216
105.328,2021-01-15T12:47:00Z,47,12,0.354,29.39,33.37551273
105.33,2021-01-15T12:48:00Z,48,12,0.354,29.55,33.65412491
105.33,2021-01-15T13:38:20Z,38,13,0.354,29.79,32.89928493
105.332,2021-01-15T13:41:40Z,41,13,0.354,30.23,33.58581143
105.333,2021-01-15T12:55:30Z,55,12,0.354,29.36,33.8005038
105.333,2021-01-15T12:59:10Z,59,12,0.354,29.65,33.67942816
105.333,2021-01-15T13:06:00Z,6,13,0.354,29.33,33.85138195
105.336,2021-01-15T13:02:20Z,2,13,0.355,29.58,33.73492705
105.336,2021-01-15T13:20:00Z,20,13,0.355,29.77,33.65486281
105.338,2021-01-15T13:47:50Z,47,13,0.355,31.51,32.96909203
105.341,2021-01-15T13:28:20Z,28,13,0.355,29.77,33.50436024
105.345,2021-01-15T12:43:10Z,43,12,0.355,29.65,33.6728609
105.347,2021-01-15T12:49:10Z,49,12,0.356,29.54,33.71035759
105.35,2021-01-15T12:59:20Z,59,12,0.356,29.63,33.70987924
105.35,2021-01-15T13:04:40Z,4,13,0.356,29.28,33.84049053
105.35,2021-01-15T13:05:30Z,5,13,0.356,29.41,33.77525994
105.353,2021-01-15T13:14:40Z,14,13,0.356,29.77,33.78009893
105.353,2021-01-15T13:18:50Z,18,13,0.356,29.77,33.68772835
105.353,2021-01-15T13:19:30Z,19,13,0.356,29.76,33.65200459
105.354,2021-01-15T12:22:20Z,22,12,0.356,29.37,33.77368644
105.355,2021-01-15T13:48:20Z,48,13,0.356,31.4,32.85471221
105.361,2021-01-15T13:34:50Z,34,13,0.357,29.73,33.17934679
105.365,2021-01-15T12:48:10Z,48,12,0.357,29.6,33.61267661
105.365,2021-01-15T12:51:20Z,51,12,0.357,29.73,33.61048257
105.367,2021-01-15T12:56:20Z,56,12,0.358,29.5,33.76138136
105.367,2021-01-15T12:58:40Z,58,12,0.358,29.63,33.7328952
105.373,2021-01-15T13:28:00Z,28,13,0.358,29.77,33.5108745
105.376,2021-01-15T12:39:00Z,39,12,0.359,29.58,33.77773496
105.376,2021-01-15T13:29:00Z,29,13,0.359,29.76,33.39742891
105.382,2021-01-15T12:54:00Z,54,12,0.359,29.69,33.62198936
105.383,2021-01-15T12:07:10Z,7,12,0.359,29.1,33.91488352
105.385,2021-01-15T12:59:30Z,59,12,0.359,29.69,33.6613504
105.385,2021-01-15T13:08:20Z,8,13,0.359,29.22,33.85975245
105.387,2021-01-15T13:18:30Z,18,13,0.36,29.76,33.72436652
105.39,2021-01-15T13:25:40Z,25,13,0.36,29.74,33.57741937
105.39,2021-01-15T13:49:50Z,49,13,0.36,31.77,32.54006283
105.394,2021-01-15T12:42:20Z,42,12,0.36,29.64,33.66668284
105.396,2021-01-15T12:45:20Z,45,12,0.361,29.62,33.24217886
105.399,2021-01-15T12:48:30Z,48,12,0.361,29.46,33.67454156
105.399,2021-01-15T12:48:50Z,48,12,0.361,29.59,33.60335029
105.401,2021-01-15T13:42:00Z,42,13,0.361,30.34,33.55925666
105.402,2021-01-15T13:08:00Z,8,13,0.361,29.22,33.87293399
105.405,2021-01-15T13:02:00Z,2,13,0.361,29.55,33.74284849
105.405,2021-01-15T13:15:20Z,15,13,0.361,29.82,33.72204221
105.405,2021-01-15T13:16:30Z,16,13,0.361,29.91,33.68242584
105.405,2021-01-15T13:18:40Z,18,13,0.361,29.77,33.6712934
105.41,2021-01-15T13:30:00Z,30,13,0.362,29.75,33.38159223
105.416,2021-01-15T12:51:40Z,51,12,0.363,29.54,33.67753424
105.416,2021-01-15T12:54:40Z,54,12,0.363,29.69,33.61868212
105.419,2021-01-15T12:57:30Z,57,12,0.363,29.68,33.67494388
105.419,2021-01-15T13:04:20Z,4,13,0.363,29.27,33.86071465
105.419,2021-01-15T13:07:30Z,7,13,0.363,29.22,33.85650043
105.419,2021-01-15T13:41:00Z,41,13,0.363,30.06,33.68370826
105.422,2021-01-15T13:00:30Z,0,13,0.363,29.7,33.71689146
105.422,2021-01-15T13:15:00Z,15,13,0.363,29.8,33.75912862
105.425,2021-01-15T13:20:50Z,20,13,0.363,29.7,33.68723909
105.427,2021-01-15T13:51:40Z,51,13,0.364,31.85,32.47182021
105.431,2021-01-15T12:45:30Z,45,12,0.364,29.63,33.19668884
105.433,2021-01-15T13:37:20Z,37,13,0.364,29.8,33.05458435
105.434,2021-01-15T12:50:10Z,50,12,0.364,29.68,33.62895065
105.434,2021-01-15T12:54:20Z,54,12,0.364,29.63,33.68354088
105.436,2021-01-15T13:05:00Z,5,13,0.365,29.36,33.81700015
105.439,2021-01-15T13:00:00Z,0,13,0.365,29.58,33.72183401
105.439,2021-01-15T13:11:10Z,11,13,0.365,29.48,33.86125113
105.439,2021-01-15T13:17:40Z,17,13,0.365,29.74,33.69882846
105.439,2021-01-15T13:19:10Z,19,13,0.365,29.79,33.71003765
105.439,2021-01-15T13:22:10Z,22,13,0.365,29.55,33.74943839
105.441,2021-01-15T13:50:10Z,50,13,0.365,31.8,32.54270288
105.442,2021-01-15T13:21:20Z,21,13,0.365,29.65,33.66631609
105.443,2021-01-15T12:31:10Z,31,12,0.365,29.44,33.82657547
105.445,2021-01-15T12:41:00Z,41,12,0.365,29.58,33.74151703
105.449,2021-01-15T11:58:30Z,58,11,0.366,29,33.95938192
105.451,2021-01-15T12:51:10Z,51,12,0.366,29.7,33.63799479
105.454,2021-01-15T13:09:20Z,9,13,0.366,29.15,33.87300711
105.456,2021-01-15T13:14:30Z,14,13,0.367,29.74,33.77462546
105.456,2021-01-15T13:24:00Z,24,13,0.367,29.5,33.6990446
105.456,2021-01-15T13:25:20Z,25,13,0.367,29.76,33.58315984
105.462,2021-01-15T13:28:30Z,28,13,0.367,29.75,33.47913403
105.468,2021-01-15T12:50:00Z,50,12,0.368,29.65,33.64002783
105.468,2021-01-15T12:53:20Z,53,12,0.368,29.79,33.60151371
105.471,2021-01-15T13:04:10Z,4,13,0.368,29.39,33.81235308
105.471,2021-01-15T13:09:40Z,9,13,0.368,29.14,33.88668388
105.473,2021-01-15T13:46:40Z,46,13,0.368,31.43,33.07779282
105.474,2021-01-15T13:00:50Z,0,13,0.368,29.65,33.70574964
105.474,2021-01-15T13:11:00Z,11,13,0.368,29.42,33.89363277
105.474,2021-01-15T13:12:00Z,12,13,0.368,29.39,33.91480161
105.474,2021-01-15T13:13:30Z,13,13,0.368,29.41,33.87090514
105.474,2021-01-15T13:22:50Z,22,13,0.368,29.6,33.68485947
105.485,2021-01-15T12:51:50Z,51,12,0.369,29.53,33.71736548
105.49,2021-01-15T13:44:50Z,44,13,0.37,31.13,33.24355796
105.491,2021-01-15T13:02:50Z,2,13,0.37,29.65,33.71891402
105.491,2021-01-15T13:11:40Z,11,13,0.37,29.53,33.83273012
105.491,2021-01-15T13:14:50Z,14,13,0.37,29.77,33.78009927
105.494,2021-01-15T12:34:10Z,34,12,0.37,29.47,33.77251134
105.494,2021-01-15T13:21:00Z,21,13,0.37,29.63,33.68690913
105.494,2021-01-15T13:27:50Z,27,13,0.37,29.76,33.5341484
105.503,2021-01-15T12:53:50Z,53,12,0.371,29.63,33.67700312
105.505,2021-01-15T12:57:40Z,57,12,0.371,29.65,33.66626727
105.505,2021-01-15T12:58:30Z,58,12,0.371,29.5,33.75815347
105.505,2021-01-15T12:59:40Z,59,12,0.371,29.74,33.63963349
105.505,2021-01-15T13:05:40Z,5,13,0.371,29.41,33.78839204
105.505,2021-01-15T13:06:20Z,6,13,0.371,29.32,33.82545311
105.505,2021-01-15T13:08:10Z,8,13,0.371,29.24,33.85221731
105.505,2021-01-15T13:40:20Z,40,13,0.371,29.86,33.73380543
105.508,2021-01-15T13:11:20Z,11,13,0.372,29.49,33.89392851
105.508,2021-01-15T13:12:40Z,12,13,0.372,29.33,33.91745182
105.508,2021-01-15T13:23:20Z,23,13,0.372,29.53,33.73053038
105.514,2021-01-15T12:42:30Z,42,12,0.372,29.64,33.69954043
105.514,2021-01-15T13:29:40Z,29,13,0.372,29.75,33.404345
105.52,2021-01-15T12:52:30Z,52,12,0.373,29.74,33.61665708
105.52,2021-01-15T12:54:10Z,54,12,0.373,29.47,33.73967308
105.523,2021-01-15T13:04:00Z,4,13,0.373,29.49,33.79481955
105.525,2021-01-15T12:59:50Z,59,12,0.373,29.71,33.68021612
105.525,2021-01-15T13:00:20Z,0,13,0.373,29.41,33.77524923
105.525,2021-01-15T13:19:20Z,19,13,0.373,29.76,33.66183
105.525,2021-01-15T13:22:00Z,22,13,0.373,29.53,33.70755873
105.528,2021-01-15T13:26:10Z,26,13,0.374,29.62,33.63157974
105.532,2021-01-15T12:42:10Z,42,12,0.374,29.64,33.69953974
105.532,2021-01-15T12:42:40Z,42,12,0.374,29.64,33.69954077
105.537,2021-01-15T12:47:30Z,47,12,0.375,29.57,33.6532379
105.537,2021-01-15T12:51:00Z,51,12,0.375,29.65,33.66625352
105.539,2021-01-15T13:40:40Z,40,13,0.375,29.97,33.67368575
105.54,2021-01-15T12:57:10Z,57,12,0.375,29.77,33.61543463
105.54,2021-01-15T13:05:50Z,5,13,0.375,29.35,33.79117538
105.542,2021-01-15T13:44:10Z,44,13,0.375,30.93,33.35279984
105.543,2021-01-15T13:10:50Z,10,13,0.375,29.42,33.88040654
105.543,2021-01-15T13:14:20Z,14,13,0.375,29.7,33.80262751
105.545,2021-01-15T13:21:10Z,21,13,0.375,29.64,33.66676297
105.545,2021-01-15T13:25:50Z,25,13,0.375,29.68,33.59629099
105.545,2021-01-15T13:26:40Z,26,13,0.375,29.69,33.56644303
105.548,2021-01-15T13:28:40Z,28,13,0.376,29.76,33.52433031
105.554,2021-01-15T12:47:50Z,47,12,0.376,29.59,33.65898232
105.554,2021-01-15T12:52:00Z,52,12,0.376,29.54,33.70049642
105.554,2021-01-15T13:37:10Z,37,13,0.376,29.8,33.07692556
105.554,2021-01-15T13:38:50Z,38,13,0.376,29.68,33.19133033
105.557,2021-01-15T13:05:20Z,5,13,0.377,29.41,33.77525959
105.557,2021-01-15T13:06:40Z,6,13,0.377,29.31,33.82592275
105.557,2021-01-15T13:10:30Z,10,13,0.377,29.37,33.89911063
105.557,2021-01-15T13:40:50Z,40,13,0.377,30.03,33.65512656
105.558,2021-01-15T12:15:30Z,15,12,0.377,29.32,33.82534753
105.56,2021-01-15T13:03:10Z,3,13,0.377,29.63,33.7164249
105.56,2021-01-15T13:16:50Z,16,13,0.377,29.81,33.74553995
105.56,2021-01-15T13:19:50Z,19,13,0.377,29.79,33.6639656
105.56,2021-01-15T13:24:20Z,24,13,0.377,29.54,5.09448831
105.56,2021-01-15T13:25:10Z,25,13,0.377,29.74,33.60359175
105.565,2021-01-15T13:30:30Z,30,13,0.377,29.7,33.35143231
105.565,2021-01-15T13:31:00Z,31,13,0.377,29.75,33.37517023
105.565,2021-01-15T13:50:50Z,50,13,0.377,31.83,32.55176217
105.565,2021-01-15T13:51:00Z,51,13,0.377,31.83,32.50080691
105.568,2021-01-15T13:34:40Z,34,13,0.378,29.75,33.19770158
105.571,2021-01-15T13:37:40Z,37,13,0.378,29.81,32.99996907
105.571,2021-01-15T13:37:50Z,37,13,0.378,29.79,32.915207530000004
105.571,2021-01-15T13:39:10Z,39,13,0.378,29.7,32.9163354
105.574,2021-01-15T12:57:00Z,57,12,0.378,29.76,33.65195827
105.574,2021-01-15T13:07:20Z,7,13,0.378,29.24,33.86539256
105.574,2021-01-15T13:41:20Z,41,13,0.378,30.18,33.60717949
105.574,2021-01-15T13:43:10Z,43,13,0.378,30.49,33.49559492
105.577,2021-01-15T13:12:50Z,12,13,0.379,29.33,33.93394685
105.577,2021-01-15T13:18:10Z,18,13,0.379,29.74,33.7383369
105.577,2021-01-15T13:20:30Z,20,13,0.379,29.81,33.64022072
105.577,2021-01-15T13:23:00Z,23,13,0.379,29.6,33.68485982
105.577,2021-01-15T13:46:00Z,46,13,0.379,31.26,33.19518093
105.579,2021-01-15T13:48:50Z,48,13,0.379,31.73,32.65579312
105.583,2021-01-15T12:38:50Z,38,12,0.379,29.59,33.77072414
105.583,2021-01-15T13:30:50Z,30,13,0.379,29.73,33.38247831
105.589,2021-01-15T12:53:10Z,53,12,0.38,29.79,33.60151336
105.591,2021-01-15T13:41:10Z,41,13,0.38,30.11,33.63587286
105.592,2021-01-15T13:04:30Z,4,13,0.38,29.22,33.8894508
105.594,2021-01-15T13:24:40Z,24,13,0.38,29.62,33.69390545
105.6,2021-01-15T13:30:10Z,30,13,0.381,29.74,33.38850487
105.6,2021-01-15T13:33:20Z,33,13,0.381,29.77,33.23867942
105.601,2021-01-15T12:39:20Z,39,12,0.381,29.58,33.75137541
105.606,2021-01-15T12:54:30Z,54,12,0.381,29.74,33.59370203
105.608,2021-01-15T13:41:30Z,41,13,0.382,30.23,33.59891627
105.609,2021-01-15T12:56:40Z,56,12,0.382,29.7,25.83674881
105.611,2021-01-15T13:47:10Z,47,13,0.382,31.48,33.08349884
105.612,2021-01-15T13:16:20Z,16,13,0.382,29.91,33.6824255
105.612,2021-01-15T13:16:40Z,16,13,0.382,29.86,33.69415697
105.612,2021-01-15T13:17:10Z,17,13,0.382,29.73,33.75855723
105.614,2021-01-15T13:27:40Z,27,13,0.382,29.75,33.51823435
105.617,2021-01-15T13:34:10Z,34,13,0.383,29.82,33.22684471
105.621,2021-01-15T12:45:50Z,45,12,0.383,29.68,33.21041221
105.629,2021-01-15T13:17:50Z,17,13,0.384,29.73,33.72225871
105.637,2021-01-15T13:35:40Z,35,13,0.385,29.76,33.13638311
105.641,2021-01-15T12:50:50Z,50,12,0.385,29.63,33.63760177
105.643,2021-01-15T13:10:00Z,10,13,0.385,29.22,33.87293815
105.643,2021-01-15T13:40:30Z,40,13,0.385,29.93,33.66197005
105.646,2021-01-15T13:03:20Z,3,13,0.385,29.62,33.71688115
105.646,2021-01-15T13:11:30Z,11,13,0.385,29.49,33.87739503
105.648,2021-01-15T13:50:40Z,50,13,0.386,31.83,32.5071429
105.649,2021-01-15T13:26:30Z,26,13,0.386,29.68,33.59629236
105.652,2021-01-15T13:30:20Z,30,13,0.386,29.73,33.38577981
105.657,2021-01-15T13:38:10Z,38,13,0.386,29.79,32.94688114
105.658,2021-01-15T12:52:20Z,52,12,0.387,29.63,33.66383764
105.66,2021-01-15T13:42:50Z,42,13,0.387,30.45,33.49019018
105.66,2021-01-15T13:43:20Z,43,13,0.387,30.51,33.4818687
105.661,2021-01-15T12:58:50Z,58,12,0.387,29.57,33.7419236
105.661,2021-01-15T13:09:30Z,9,13,0.387,29.12,33.91070477
105.663,2021-01-15T13:12:30Z,12,13,0.387,29.33,33.91745147
105.663,2021-01-15T13:18:20Z,18,13,0.387,29.74,33.74495232
105.663,2021-01-15T13:44:00Z,44,13,0.387,30.89,33.34057187
105.672,2021-01-15T13:35:20Z,35,13,0.388,29.76,33.1235518
105.675,2021-01-15T12:50:30Z,50,12,0.388,29.7,33.63799342
105.675,2021-01-15T12:52:10Z,52,12,0.388,29.73,33.64989289
105.677,2021-01-15T13:40:00Z,40,13,0.388,29.87,33.74992882
105.678,2021-01-15T12:56:00Z,56,12,0.389,29.49,33.75851915
105.681,2021-01-15T13:10:40Z,10,13,0.389,29.39,33.91479885
105.681,2021-01-15T13:20:10Z,20,13,0.389,29.8,33.68003069
105.681,2021-01-15T13:22:20Z,22,13,0.389,29.58,33.72188015
105.683,2021-01-15T13:50:00Z,50,13,0.389,31.82,32.53603605
105.686,2021-01-15T13:51:10Z,51,13,0.389,31.85,32.47181923
105.701,2021-01-15T13:21:50Z,21,13,0.391,29.54,33.73670956
105.703,2021-01-15T13:29:20Z,29,13,0.391,29.76,33.41687938
105.703,2021-01-15T13:30:40Z,30,13,0.391,29.7,33.41617926
105.703,2021-01-15T13:32:10Z,32,13,0.391,29.8,33.28567012
105.71,2021-01-15T12:53:40Z,53,12,0.392,29.62,33.67736194
105.714,2021-01-15T13:43:40Z,43,13,0.392,30.66,33.44489528
105.714,2021-01-15T13:44:20Z,44,13,0.392,30.96,33.31933195
105.715,2021-01-15T13:03:00Z,3,13,0.392,29.64,33.69626992
105.718,2021-01-15T13:27:20Z,27,13,0.393,29.74,33.53169414
105.724,2021-01-15T12:46:30Z,46,12,0.393,29.52,33.2886698
105.732,2021-01-15T13:00:40Z,0,13,0.394,29.69,33.68434
105.732,2021-01-15T13:15:30Z,15,13,0.394,29.84,33.7312025
105.732,2021-01-15T13:24:10Z,24,13,0.394,29.58,33.70870689
105.735,2021-01-15T13:21:40Z,21,13,0.394,29.54,33.70387661
105.735,2021-01-15T13:48:40Z,48,13,0.394,31.61,32.73488196
105.735,2021-01-15T13:50:20Z,50,13,0.394,31.88,32.46182192
105.735,2021-01-15T13:50:30Z,50,13,0.394,31.82,32.52327429
105.738,2021-01-15T13:29:10Z,29,13,0.395,29.77,33.40023955
105.738,2021-01-15T13:32:20Z,32,13,0.395,29.8,33.2792551
105.744,2021-01-15T12:50:40Z,50,12,0.395,29.69,33.5990915
105.749,2021-01-15T13:46:50Z,46,13,0.396,31.44,33.12661355
105.752,2021-01-15T13:48:00Z,48,13,0.396,31.4,32.8837524
105.755,2021-01-15T13:32:00Z,32,13,0.396,29.8,33.29217443
105.767,2021-01-15T13:02:40Z,2,13,0.397,29.65,33.71891367
105.767,2021-01-15T13:18:00Z,18,13,0.397,29.73,33.72225906
105.767,2021-01-15T13:23:50Z,23,13,0.397,29.5,33.75156173
105.77,2021-01-15T13:27:10Z,27,13,0.398,29.73,33.54515968
105.772,2021-01-15T13:32:50Z,32,13,0.398,29.79,33.26350674
105.784,2021-01-15T13:00:10Z,0,13,0.399,29.64,33.67987983
105.795,2021-01-15T13:37:00Z,37,13,0.4,29.81,33.04774801
105.798,2021-01-15T13:03:50Z,3,13,0.401,29.59,33.74442118
105.801,2021-01-15T13:20:40Z,20,13,0.401,29.75,33.6918563
105.804,2021-01-15T13:21:30Z,21,13,0.401,29.58,33.65949641
105.804,2021-01-15T13:26:50Z,26,13,0.401,29.73,33.5386383
105.807,2021-01-15T13:32:30Z,32,13,0.401,29.79,33.27963561
105.807,2021-01-15T13:34:00Z,34,13,0.401,29.77,33.22896566
105.81,2021-01-15T13:35:00Z,35,13,0.402,29.75,33.14324093
105.812,2021-01-15T13:39:00Z,39,13,0.402,29.7,32.93843473
105.824,2021-01-15T13:29:30Z,29,13,0.403,29.74,33.40474642
105.824,2021-01-15T13:31:50Z,31,13,0.403,29.8,33.30179779
105.824,2021-01-15T13:33:40Z,33,13,0.403,29.79,33.24746924
105.83,2021-01-15T13:38:40Z,38,13,0.404,29.73,32.95610115
105.832,2021-01-15T13:39:30Z,39,13,0.404,29.73,32.71013154
105.832,2021-01-15T13:42:30Z,42,13,0.404,30.44,33.50358418
105.836,2021-01-15T13:14:00Z,14,13,0.404,29.6,33.82322051
105.836,2021-01-15T13:14:10Z,14,13,0.404,29.63,33.82860589
105.836,2021-01-15T13:15:50Z,15,13,0.404,29.82,33.73195092
105.836,2021-01-15T13:22:40Z,22,13,0.404,29.66,33.6921831
105.841,2021-01-15T13:31:20Z,31,13,0.405,29.75,33.36223417
105.847,2021-01-15T13:38:30Z,38,13,0.405,29.75,32.92652349
105.852,2021-01-15T13:44:30Z,44,13,0.406,31,33.32169327
105.852,2021-01-15T13:44:40Z,44,13,0.406,31.09,33.27712107
105.852,2021-01-15T13:46:30Z,46,13,0.406,31.38,33.10149846
105.853,2021-01-15T13:13:10Z,13,13,0.406,29.35,33.88017387
105.859,2021-01-15T12:42:00Z,42,12,0.407,29.64,33.69953939
105.865,2021-01-15T12:54:50Z,54,12,0.407,29.62,33.63805157
105.867,2021-01-15T13:10:10Z,10,13,0.407,29.24,33.84238438
105.867,2021-01-15T13:42:40Z,42,13,0.407,30.45,33.5197251
105.87,2021-01-15T13:45:30Z,45,13,0.408,31.17,33.21656359
105.87,2021-01-15T13:47:00Z,47,13,0.408,31.48,33.0737357
105.872,2021-01-15T13:47:40Z,47,13,0.408,31.53,33.01755079
105.873,2021-01-15T13:26:20Z,26,13,0.408,29.65,33.610661
105.879,2021-01-15T13:35:10Z,35,13,0.409,29.79,33.10940757
105.879,2021-01-15T13:36:40Z,36,13,0.409,29.84,33.07519331
105.884,2021-01-15T13:43:00Z,43,13,0.409,30.46,33.46032012
105.887,2021-01-15T13:16:10Z,16,13,0.409,29.87,33.7102841
105.887,2021-01-15T13:17:20Z,17,13,0.409,29.73,33.73870809
105.887,2021-01-15T13:23:30Z,23,13,0.409,29.54,33.7038804
105.893,2021-01-15T13:33:30Z,33,13,0.41,29.77,33.25151511
105.896,2021-01-15T13:35:50Z,35,13,0.41,29.77,33.19367789
105.896,2021-01-15T13:36:00Z,36,13,0.41,29.8,33.08974171
105.901,2021-01-15T13:40:10Z,40,13,0.411,29.87,33.76321858
105.904,2021-01-15T13:46:20Z,46,13,0.411,31.36,33.13776717
105.907,2021-01-15T13:48:10Z,48,13,0.411,31.37,32.87466623
105.919,2021-01-15T13:06:30Z,6,13,0.413,29.32,33.81887563
105.919,2021-01-15T13:07:10Z,7,13,0.413,29.21,33.88659314
105.919,2021-01-15T13:42:20Z,42,13,0.413,30.4,33.53109103
105.922,2021-01-15T13:13:20Z,13,13,0.413,29.37,33.91235552
105.922,2021-01-15T13:17:00Z,17,13,0.413,29.73,33.74532369
105.924,2021-01-15T13:49:30Z,49,13,0.413,31.91,32.48671575
105.925,2021-01-15T13:27:30Z,27,13,0.413,29.74,33.52517538
105.939,2021-01-15T13:13:40Z,13,13,0.415,29.43,33.87993105
105.942,2021-01-15T13:27:00Z,27,13,0.415,29.7,33.52034391
105.944,2021-01-15T13:52:30Z,52,13,0.415,31.94,32.4353674
105.945,2021-01-15T13:28:50Z,28,13,0.415,29.75,33.42058451
105.945,2021-01-15T13:29:50Z,29,13,0.415,29.74,33.41777805
105.945,2021-01-15T13:33:50Z,33,13,0.415,29.76,33.28416622
105.959,2021-01-15T13:49:20Z,49,13,0.417,31.89,32.51251829
105.962,2021-01-15T13:52:10Z,52,13,0.417,31.92,32.38814797
105.968,2021-01-15T12:53:30Z,53,12,0.417,29.77,33.605605250000004
105.968,2021-01-15T13:39:20Z,39,13,0.417,29.73,32.78541413
105.97,2021-01-15T13:39:50Z,39,13,0.418,29.85,32.53235105
105.974,2021-01-15T13:24:30Z,24,13,0.418,29.53,33.69446557
105.99,2021-01-15T13:43:30Z,43,13,0.42,30.53,33.44509096
105.99,2021-01-15T13:45:10Z,45,13,0.42,31.15,33.23005613
105.991,2021-01-15T13:25:00Z,25,13,0.42,29.65,33.64010002
105.996,2021-01-15T13:51:30Z,51,13,0.42,31.91,32.42636302
105.996,2021-01-15T13:52:00Z,52,13,0.42,31.87,32.44285616
106.008,2021-01-15T13:03:30Z,3,13,0.421,29.58,33.74488063
106.01,2021-01-15T13:49:10Z,49,13,0.422,31.85,32.54509084
106.025,2021-01-15T13:43:50Z,43,13,0.423,30.78,33.37937606
106.025,2021-01-15T13:45:40Z,45,13,0.423,31.2,33.21267419
106.039,2021-01-15T13:39:40Z,39,13,0.425,29.77,32.71436356
106.042,2021-01-15T13:45:50Z,45,13,0.425,31.24,33.19553957
106.045,2021-01-15T13:49:40Z,49,13,0.425,31.82,32.52961109
106.048,2021-01-15T13:31:40Z,31,13,0.425,29.79,33.31198586
106.051,2021-01-15T13:36:20Z,36,13,0.426,29.81,33.0573574
106.051,2021-01-15T13:36:30Z,36,13,0.426,29.82,33.04411656
106.057,2021-01-15T13:07:00Z,7,13,0.426,29.25,33.81880983
106.06,2021-01-15T13:17:30Z,17,13,0.427,29.73,33.7288738
106.06,2021-01-15T13:19:40Z,19,13,0.427,29.8,33.6569991
106.065,2021-01-15T13:51:50Z,51,13,0.427,31.83,32.48488216
106.106,2021-01-15T13:36:50Z,36,13,0.431,29.81,33.02550222
106.108,2021-01-15T13:41:50Z,41,13,0.431,30.28,33.57429507
106.109,2021-01-15T13:10:20Z,10,13,0.431,29.3,33.95191344
106.114,2021-01-15T13:49:00Z,49,13,0.432,31.73,32.66223181
106.126,2021-01-15T13:09:50Z,9,13,0.433,29.19,33.90734095
106.129,2021-01-15T13:13:50Z,13,13,0.433,29.52,33.88933378
106.131,2021-01-15T13:47:20Z,47,13,0.434,31.5,33.05389149
106.146,2021-01-15T13:45:20Z,45,13,0.435,31.16,33.23313372
106.146,2021-01-15T13:46:10Z,46,13,0.435,31.31,33.17134836
106.16,2021-01-15T13:42:10Z,42,13,0.437,30.39,33.51493543
106.161,2021-01-15T12:57:20Z,57,12,0.437,29.76,33.65195895
106.181,2021-01-15T13:23:10Z,23,13,0.439,29.58,33.69884499
106.181,2021-01-15T13:23:40Z,23,13,0.439,29.5,33.69249136
106.203,2021-01-15T13:32:40Z,32,13,0.441,29.79,33.23775515
106.241,2021-01-15T13:36:10Z,36,13,0.445,29.81,33.09571552
106.316,2021-01-15T13:06:50Z,6,13,0.452,29.3,33.84946942
106.359,2021-01-15T13:33:00Z,33,13,0.456,29.77,33.27085773
106.393,2021-01-15T13:33:10Z,33,13,0.46,29.79,33.23775617
106.444,2021-01-15T13:52:20Z,52,13,0.465,31.93,32.39744945
106.474,2021-01-15T13:13:00Z,13,13,0.468,29.33,33.91078289
106.534,2021-01-15T13:35:30Z,35,13,0.474,29.74,33.17247941
